Time,Transcription_Site_ID,Cell_ID,Position_X,Position_Y,Intensity,image_name
0,1,1,118,97,255,rep1_FOV1.tif
0,2,3,208,213,255,rep1_FOV1.tif
0,3,3,218,209,108,rep1_FOV1.tif
0,4,5,375,183,89,rep1_FOV1.tif
0,5,6,396,440,83,rep1_FOV1.tif
0,6,9,534,395,255,rep1_FOV1.tif
1,1,1,118,97,255,rep1_FOV1.tif
1,2,3,206,214,156,rep1_FOV1.tif
1,3,3,216,221,78,rep1_FOV1.tif
1,4,3,238,250,74,rep1_FOV1.tif
1,5,7,422,111,146,rep1_FOV1.tif
1,6,9,532,395,174,rep1_FOV1.tif
1,7,9,539,380,72,rep1_FOV1.tif
1,8,9,563,378,70,rep1_FOV1.tif
2,1,1,117,95,112,rep1_FOV1.tif
2,2,3,203,204,108,rep1_FOV1.tif
2,3,3,207,214,255,rep1_FOV1.tif
2,4,4,365,298,77,rep1_FOV1.tif
2,5,6,411,439,76,rep1_FOV1.tif
2,6,7,421,101,80,rep1_FOV1.tif
2,7,7,421,110,73,rep1_FOV1.tif
2,8,9,534,394,81,rep1_FOV1.tif
3,1,1,112,94,157,rep1_FOV1.tif
3,2,3,206,211,164,rep1_FOV1.tif
3,3,5,375,184,255,rep1_FOV1.tif
3,4,7,427,116,70,rep1_FOV1.tif
3,5,7,428,124,81,rep1_FOV1.tif
3,6,9,539,396,121,rep1_FOV1.tif
4,1,1,89,125,70,rep1_FOV1.tif
4,2,1,110,93,104,rep1_FOV1.tif
4,3,2,155,568,136,rep1_FOV1.tif
4,4,3,208,213,114,rep1_FOV1.tif
4,5,5,363,155,72,rep1_FOV1.tif
4,6,5,375,183,255,rep1_FOV1.tif
4,7,7,423,109,76,rep1_FOV1.tif
4,8,7,428,119,73,rep1_FOV1.tif
4,9,9,532,394,211,rep1_FOV1.tif
4,10,9,533,380,78,rep1_FOV1.tif
5,1,1,111,95,101,rep1_FOV1.tif
5,2,2,166,574,255,rep1_FOV1.tif
5,3,2,183,579,87,rep1_FOV1.tif
5,4,3,209,213,255,rep1_FOV1.tif
5,5,5,357,189,67,rep1_FOV1.tif
5,6,5,364,160,73,rep1_FOV1.tif
5,7,5,368,151,78,rep1_FOV1.tif
5,8,5,375,183,170,rep1_FOV1.tif
5,9,5,393,174,92,rep1_FOV1.tif
5,10,9,515,393,78,rep1_FOV1.tif
5,11,9,533,395,255,rep1_FOV1.tif
5,12,9,542,374,78,rep1_FOV1.tif
6,1,2,148,564,68,rep1_FOV1.tif
6,2,2,165,573,171,rep1_FOV1.tif
6,3,3,208,214,255,rep1_FOV1.tif
6,4,3,218,231,81,rep1_FOV1.tif
6,5,3,240,215,71,rep1_FOV1.tif
6,6,5,350,188,81,rep1_FOV1.tif
6,7,5,364,173,255,rep1_FOV1.tif
6,8,5,377,183,87,rep1_FOV1.tif
6,9,5,380,152,66,rep1_FOV1.tif
6,10,6,411,442,255,rep1_FOV1.tif
6,11,9,523,387,75,rep1_FOV1.tif
6,12,9,531,395,149,rep1_FOV1.tif
6,13,9,531,381,79,rep1_FOV1.tif
7,1,2,164,572,103,rep1_FOV1.tif
7,2,3,208,212,242,rep1_FOV1.tif
7,3,3,213,226,83,rep1_FOV1.tif
7,4,3,247,239,79,rep1_FOV1.tif
7,5,5,364,175,96,rep1_FOV1.tif
7,6,5,376,183,87,rep1_FOV1.tif
7,7,6,412,441,140,rep1_FOV1.tif
8,1,2,150,609,74,rep1_FOV1.tif
8,2,3,208,212,114,rep1_FOV1.tif
8,3,3,207,222,100,rep1_FOV1.tif
8,4,3,225,212,73,rep1_FOV1.tif
8,5,4,364,296,127,rep1_FOV1.tif
8,6,5,366,174,255,rep1_FOV1.tif
8,7,5,381,190,85,rep1_FOV1.tif
8,8,5,382,167,85,rep1_FOV1.tif
8,9,6,414,457,74,rep1_FOV1.tif
8,10,9,532,394,130,rep1_FOV1.tif
9,1,2,158,570,189,rep1_FOV1.tif
9,2,3,201,206,139,rep1_FOV1.tif
9,3,4,365,296,255,rep1_FOV1.tif
9,4,4,378,304,87,rep1_FOV1.tif
9,5,5,352,180,84,rep1_FOV1.tif
9,6,5,365,173,255,rep1_FOV1.tif
9,7,5,375,185,130,rep1_FOV1.tif
9,8,5,379,154,76,rep1_FOV1.tif
9,9,9,525,412,72,rep1_FOV1.tif
9,10,9,532,393,87,rep1_FOV1.tif
10,1,2,161,570,121,rep1_FOV1.tif
10,2,2,184,584,77,rep1_FOV1.tif
10,3,3,201,207,77,rep1_FOV1.tif
10,4,3,210,213,82,rep1_FOV1.tif
10,5,4,365,297,171,rep1_FOV1.tif
10,6,4,363,321,68,rep1_FOV1.tif
10,7,5,340,164,81,rep1_FOV1.tif
10,8,5,355,151,88,rep1_FOV1.tif
10,9,5,365,173,209,rep1_FOV1.tif
10,10,5,372,149,77,rep1_FOV1.tif
10,11,5,376,186,100,rep1_FOV1.tif
10,12,5,385,166,79,rep1_FOV1.tif
10,13,6,431,424,67,rep1_FOV1.tif
10,14,8,485,210,72,rep1_FOV1.tif
10,15,8,491,192,255,rep1_FOV1.tif
10,16,8,511,180,92,rep1_FOV1.tif
11,1,3,244,228,70,rep1_FOV1.tif
11,2,4,363,297,150,rep1_FOV1.tif
11,3,4,374,325,70,rep1_FOV1.tif
11,4,5,341,164,75,rep1_FOV1.tif
11,5,5,349,190,80,rep1_FOV1.tif
11,6,5,356,160,78,rep1_FOV1.tif
11,7,5,366,173,216,rep1_FOV1.tif
11,8,5,370,148,73,rep1_FOV1.tif
11,9,5,376,186,109,rep1_FOV1.tif
11,10,6,431,424,65,rep1_FOV1.tif
11,11,8,490,193,108,rep1_FOV1.tif
11,12,8,512,199,76,rep1_FOV1.tif
11,13,9,533,395,255,rep1_FOV1.tif
12,1,2,165,573,255,rep1_FOV1.tif
12,2,2,178,608,73,rep1_FOV1.tif
12,3,3,203,207,255,rep1_FOV1.tif
12,4,3,214,232,81,rep1_FOV1.tif
12,5,5,340,176,71,rep1_FOV1.tif
12,6,5,366,174,136,rep1_FOV1.tif
12,7,5,366,151,74,rep1_FOV1.tif
12,8,5,371,163,78,rep1_FOV1.tif
12,9,5,393,170,79,rep1_FOV1.tif
12,10,8,492,192,255,rep1_FOV1.tif
12,11,9,529,410,83,rep1_FOV1.tif
12,12,9,533,394,203,rep1_FOV1.tif
13,1,2,159,559,80,rep1_FOV1.tif
13,2,2,165,573,189,rep1_FOV1.tif
13,3,2,185,593,69,rep1_FOV1.tif
13,4,3,206,211,175,rep1_FOV1.tif
13,5,3,227,246,73,rep1_FOV1.tif
13,6,5,336,172,68,rep1_FOV1.tif
13,7,5,365,173,255,rep1_FOV1.tif
13,8,8,493,192,140,rep1_FOV1.tif
13,9,9,512,391,72,rep1_FOV1.tif
13,10,9,537,396,255,rep1_FOV1.tif
13,11,9,544,384,105,rep1_FOV1.tif
14,1,2,165,573,136,rep1_FOV1.tif
14,2,3,202,205,144,rep1_FOV1.tif
14,3,3,208,214,255,rep1_FOV1.tif
14,4,5,339,186,72,rep1_FOV1.tif
14,5,5,365,174,255,rep1_FOV1.tif
14,6,5,366,193,117,rep1_FOV1.tif
14,7,8,492,192,99,rep1_FOV1.tif
14,8,8,498,200,72,rep1_FOV1.tif
14,9,9,539,396,239,rep1_FOV1.tif
14,10,9,530,407,94,rep1_FOV1.tif
14,11,9,552,422,70,rep1_FOV1.tif
14,12,9,558,397,77,rep1_FOV1.tif
15,1,3,201,202,100,rep1_FOV1.tif
15,2,3,204,186,91,rep1_FOV1.tif
15,3,3,208,216,209,rep1_FOV1.tif
15,4,3,213,187,100,rep1_FOV1.tif
15,5,3,215,246,66,rep1_FOV1.tif
15,6,3,224,204,88,rep1_FOV1.tif
15,7,3,232,241,72,rep1_FOV1.tif
15,8,3,240,211,72,rep1_FOV1.tif
15,9,5,345,177,94,rep1_FOV1.tif
15,10,5,354,165,82,rep1_FOV1.tif
15,11,5,356,184,95,rep1_FOV1.tif
15,12,5,365,174,238,rep1_FOV1.tif
15,13,5,364,190,83,rep1_FOV1.tif
15,14,5,368,148,73,rep1_FOV1.tif
15,15,5,372,189,81,rep1_FOV1.tif
15,16,5,385,184,82,rep1_FOV1.tif
15,17,8,489,191,65,rep1_FOV1.tif
15,18,9,523,397,91,rep1_FOV1.tif
15,19,9,533,391,99,rep1_FOV1.tif
15,20,9,532,403,93,rep1_FOV1.tif
15,21,9,542,397,158,rep1_FOV1.tif
15,22,9,549,422,67,rep1_FOV1.tif
16,1,2,156,568,182,rep1_FOV1.tif
16,2,3,205,210,138,rep1_FOV1.tif
16,3,3,216,185,71,rep1_FOV1.tif
16,4,3,235,219,97,rep1_FOV1.tif
16,5,5,339,164,74,rep1_FOV1.tif
16,6,5,365,174,129,rep1_FOV1.tif
16,7,9,529,404,80,rep1_FOV1.tif
16,8,9,533,391,79,rep1_FOV1.tif
16,9,9,564,411,81,rep1_FOV1.tif
17,1,2,143,581,102,rep1_FOV1.tif
17,2,2,158,569,255,rep1_FOV1.tif
17,3,2,165,563,103,rep1_FOV1.tif
17,4,2,179,597,80,rep1_FOV1.tif
17,5,3,203,206,255,rep1_FOV1.tif
17,6,3,209,216,112,rep1_FOV1.tif
17,7,3,227,225,112,rep1_FOV1.tif
17,8,3,229,190,79,rep1_FOV1.tif
17,9,5,358,155,84,rep1_FOV1.tif
17,10,5,365,174,167,rep1_FOV1.tif
17,11,5,384,167,84,rep1_FOV1.tif
17,12,8,491,193,206,rep1_FOV1.tif
17,13,9,512,394,72,rep1_FOV1.tif
17,14,9,540,397,255,rep1_FOV1.tif
17,15,9,537,420,78,rep1_FOV1.tif
17,16,9,537,379,79,rep1_FOV1.tif
18,1,3,202,205,184,rep1_FOV1.tif
18,2,3,203,222,93,rep1_FOV1.tif
18,3,3,232,235,77,rep1_FOV1.tif
18,4,3,248,217,75,rep1_FOV1.tif
18,5,4,365,295,126,rep1_FOV1.tif
18,6,5,366,174,94,rep1_FOV1.tif
18,7,5,369,198,80,rep1_FOV1.tif
18,8,5,382,188,75,rep1_FOV1.tif
18,9,8,484,183,86,rep1_FOV1.tif
18,10,8,489,208,98,rep1_FOV1.tif
18,11,8,493,193,180,rep1_FOV1.tif
18,12,8,503,186,76,rep1_FOV1.tif
18,13,9,538,396,255,rep1_FOV1.tif
18,14,9,535,379,74,rep1_FOV1.tif
19,1,3,204,206,70,rep1_FOV1.tif
19,2,3,217,182,66,rep1_FOV1.tif
19,3,4,347,296,78,rep1_FOV1.tif
19,4,4,366,293,86,rep1_FOV1.tif
19,5,5,364,174,75,rep1_FOV1.tif
19,6,8,491,187,82,rep1_FOV1.tif
19,7,8,494,176,80,rep1_FOV1.tif
19,8,8,517,178,72,rep1_FOV1.tif
19,9,9,523,388,77,rep1_FOV1.tif
19,10,9,539,398,128,rep1_FOV1.tif
19,11,9,540,374,73,rep1_FOV1.tif
19,12,9,551,410,68,rep1_FOV1.tif
19,13,9,559,384,75,rep1_FOV1.tif
20,1,4,366,307,68,rep1_FOV1.tif
20,2,8,511,209,72,rep1_FOV1.tif
20,3,9,517,397,69,rep1_FOV1.tif
20,4,9,541,398,218,rep1_FOV1.tif
20,5,9,540,422,75,rep1_FOV1.tif
0,1,3,143,152,139,rep1_FOV2.tif
0,2,3,164,145,73,rep1_FOV2.tif
0,3,4,263,502,76,rep1_FOV2.tif
0,4,6,333,392,255,rep1_FOV2.tif
0,5,8,409,218,105,rep1_FOV2.tif
0,6,9,510,482,217,rep1_FOV2.tif
0,7,10,554,106,76,rep1_FOV2.tif
1,1,2,107,364,97,rep1_FOV2.tif
1,2,3,116,144,70,rep1_FOV2.tif
1,3,3,142,153,109,rep1_FOV2.tif
1,4,5,320,177,255,rep1_FOV2.tif
1,5,6,319,402,80,rep1_FOV2.tif
1,6,6,332,393,108,rep1_FOV2.tif
1,7,8,410,218,87,rep1_FOV2.tif
1,8,9,510,480,233,rep1_FOV2.tif
1,9,11,588,232,125,rep1_FOV2.tif
1,10,11,606,236,167,rep1_FOV2.tif
2,1,2,106,363,73,rep1_FOV2.tif
2,2,3,142,153,118,rep1_FOV2.tif
2,3,4,250,488,78,rep1_FOV2.tif
2,4,4,262,502,150,rep1_FOV2.tif
2,5,5,319,177,148,rep1_FOV2.tif
2,6,6,333,394,255,rep1_FOV2.tif
2,7,8,410,218,87,rep1_FOV2.tif
2,8,9,509,480,98,rep1_FOV2.tif
2,9,10,570,84,143,rep1_FOV2.tif
2,10,11,588,234,202,rep1_FOV2.tif
2,11,11,605,237,255,rep1_FOV2.tif
3,1,1,103,576,190,rep1_FOV2.tif
3,2,4,263,501,163,rep1_FOV2.tif
3,3,4,271,484,72,rep1_FOV2.tif
3,4,5,320,176,255,rep1_FOV2.tif
3,5,6,332,394,236,rep1_FOV2.tif
3,6,8,408,218,255,rep1_FOV2.tif
3,7,8,423,225,126,rep1_FOV2.tif
3,8,9,509,493,77,rep1_FOV2.tif
3,9,9,526,474,76,rep1_FOV2.tif
3,10,10,570,85,73,rep1_FOV2.tif
3,11,11,588,235,111,rep1_FOV2.tif
3,12,11,606,237,243,rep1_FOV2.tif
3,13,11,610,254,75,rep1_FOV2.tif
4,1,1,94,582,73,rep1_FOV2.tif
4,2,1,104,576,90,rep1_FOV2.tif
4,3,3,146,151,255,rep1_FOV2.tif
4,4,4,275,483,68,rep1_FOV2.tif
4,5,5,320,176,255,rep1_FOV2.tif
4,6,6,332,395,187,rep1_FOV2.tif
4,7,8,407,217,196,rep1_FOV2.tif
4,8,8,422,225,255,rep1_FOV2.tif
4,9,8,419,208,88,rep1_FOV2.tif
4,10,11,588,235,248,rep1_FOV2.tif
4,11,11,606,238,126,rep1_FOV2.tif
5,1,1,106,570,67,rep1_FOV2.tif
5,2,2,105,362,176,rep1_FOV2.tif
5,3,4,263,506,75,rep1_FOV2.tif
5,4,5,320,175,86,rep1_FOV2.tif
5,5,6,331,393,255,rep1_FOV2.tif
5,6,8,403,225,97,rep1_FOV2.tif
5,7,8,407,216,86,rep1_FOV2.tif
5,8,8,421,225,255,rep1_FOV2.tif
5,9,11,583,267,79,rep1_FOV2.tif
5,10,11,587,234,136,rep1_FOV2.tif
6,1,1,66,582,75,rep1_FOV2.tif
6,2,1,91,582,82,rep1_FOV2.tif
6,3,1,105,569,205,rep1_FOV2.tif
6,4,1,122,584,80,rep1_FOV2.tif
6,5,2,104,362,81,rep1_FOV2.tif
6,6,5,319,176,248,rep1_FOV2.tif
6,7,6,326,364,86,rep1_FOV2.tif
6,8,6,333,392,101,rep1_FOV2.tif
6,9,8,403,227,72,rep1_FOV2.tif
6,10,8,422,225,255,rep1_FOV2.tif
6,11,8,424,250,77,rep1_FOV2.tif
6,12,10,555,84,77,rep1_FOV2.tif
6,13,10,570,84,255,rep1_FOV2.tif
6,14,11,579,243,73,rep1_FOV2.tif
7,1,1,104,570,255,rep1_FOV2.tif
7,2,1,116,576,87,rep1_FOV2.tif
7,3,5,319,178,255,rep1_FOV2.tif
7,4,6,305,377,81,rep1_FOV2.tif
7,5,6,306,384,75,rep1_FOV2.tif
7,6,8,422,224,155,rep1_FOV2.tif
7,7,8,441,231,80,rep1_FOV2.tif
7,8,8,448,252,68,rep1_FOV2.tif
7,9,10,570,84,255,rep1_FOV2.tif
7,10,11,571,230,78,rep1_FOV2.tif
7,11,11,588,233,255,rep1_FOV2.tif
7,12,11,607,238,255,rep1_FOV2.tif
8,1,1,77,573,74,rep1_FOV2.tif
8,2,1,88,609,69,rep1_FOV2.tif
8,3,1,102,575,255,rep1_FOV2.tif
8,4,2,104,362,70,rep1_FOV2.tif
8,5,5,319,177,255,rep1_FOV2.tif
8,6,6,321,396,72,rep1_FOV2.tif
8,7,6,333,392,92,rep1_FOV2.tif
8,8,8,410,245,87,rep1_FOV2.tif
8,9,8,423,224,114,rep1_FOV2.tif
8,10,10,555,75,88,rep1_FOV2.tif
8,11,10,570,85,108,rep1_FOV2.tif
8,12,10,576,98,71,rep1_FOV2.tif
8,13,11,576,237,100,rep1_FOV2.tif
8,14,11,588,233,255,rep1_FOV2.tif
8,15,11,587,249,88,rep1_FOV2.tif
8,16,11,597,269,81,rep1_FOV2.tif
8,17,11,605,238,172,rep1_FOV2.tif
8,18,11,604,224,94,rep1_FOV2.tif
8,19,11,611,260,67,rep1_FOV2.tif
9,1,1,99,590,106,rep1_FOV2.tif
9,2,1,102,574,149,rep1_FOV2.tif
9,3,5,318,177,82,rep1_FOV2.tif
9,4,6,348,399,71,rep1_FOV2.tif
9,5,10,560,77,79,rep1_FOV2.tif
9,6,10,565,104,68,rep1_FOV2.tif
9,7,11,571,235,87,rep1_FOV2.tif
9,8,11,571,248,89,rep1_FOV2.tif
9,9,11,582,253,117,rep1_FOV2.tif
9,10,11,588,233,212,rep1_FOV2.tif
9,11,11,607,240,148,rep1_FOV2.tif
10,1,1,103,578,126,rep1_FOV2.tif
10,2,5,321,181,80,rep1_FOV2.tif
10,3,5,327,175,114,rep1_FOV2.tif
10,4,8,423,224,255,rep1_FOV2.tif
10,5,10,571,74,77,rep1_FOV2.tif
10,6,11,577,237,102,rep1_FOV2.tif
10,7,11,590,245,77,rep1_FOV2.tif
10,8,11,607,238,149,rep1_FOV2.tif
11,1,1,104,571,155,rep1_FOV2.tif
11,2,1,120,574,98,rep1_FOV2.tif
11,3,2,123,365,176,rep1_FOV2.tif
11,4,4,263,503,174,rep1_FOV2.tif
11,5,5,328,176,74,rep1_FOV2.tif
11,6,8,402,231,78,rep1_FOV2.tif
11,7,8,423,225,255,rep1_FOV2.tif
11,8,11,594,261,90,rep1_FOV2.tif
11,9,11,597,227,87,rep1_FOV2.tif
11,10,11,607,237,117,rep1_FOV2.tif
12,1,1,74,589,70,rep1_FOV2.tif
12,2,1,100,615,84,rep1_FOV2.tif
12,3,2,124,366,72,rep1_FOV2.tif
12,4,4,263,501,255,rep1_FOV2.tif
12,5,7,415,542,139,rep1_FOV2.tif
12,6,8,418,250,80,rep1_FOV2.tif
12,7,8,423,224,249,rep1_FOV2.tif
12,8,8,432,256,69,rep1_FOV2.tif
12,9,8,434,242,79,rep1_FOV2.tif
12,10,8,437,212,85,rep1_FOV2.tif
12,11,8,452,219,77,rep1_FOV2.tif
12,12,11,572,226,75,rep1_FOV2.tif
12,13,11,580,269,72,rep1_FOV2.tif
12,14,11,583,247,76,rep1_FOV2.tif
12,15,11,606,265,74,rep1_FOV2.tif
13,1,4,255,483,73,rep1_FOV2.tif
13,2,4,263,502,209,rep1_FOV2.tif
13,3,7,416,542,75,rep1_FOV2.tif
13,4,8,404,234,76,rep1_FOV2.tif
13,5,8,421,206,82,rep1_FOV2.tif
13,6,8,423,222,116,rep1_FOV2.tif
13,7,11,601,232,73,rep1_FOV2.tif
14,1,2,122,364,119,rep1_FOV2.tif
14,2,4,263,504,90,rep1_FOV2.tif
14,3,4,263,496,84,rep1_FOV2.tif
14,4,6,333,391,146,rep1_FOV2.tif
14,5,7,386,532,82,rep1_FOV2.tif
14,6,7,415,541,231,rep1_FOV2.tif
14,7,8,407,217,155,rep1_FOV2.tif
14,8,11,588,233,201,rep1_FOV2.tif
15,1,2,122,366,74,rep1_FOV2.tif
15,2,4,265,500,245,rep1_FOV2.tif
15,3,5,304,159,68,rep1_FOV2.tif
15,4,5,320,178,89,rep1_FOV2.tif
15,5,7,415,541,131,rep1_FOV2.tif
15,6,8,406,218,99,rep1_FOV2.tif
15,7,8,424,211,81,rep1_FOV2.tif
15,8,8,435,240,77,rep1_FOV2.tif
15,9,11,587,233,109,rep1_FOV2.tif
16,1,4,264,500,255,rep1_FOV2.tif
16,2,8,407,217,97,rep1_FOV2.tif
16,3,8,428,221,94,rep1_FOV2.tif
17,1,1,103,569,138,rep1_FOV2.tif
17,2,4,251,527,68,rep1_FOV2.tif
17,3,4,263,501,231,rep1_FOV2.tif
17,4,4,274,490,78,rep1_FOV2.tif
17,5,8,408,218,189,rep1_FOV2.tif
17,6,8,428,238,83,rep1_FOV2.tif
18,1,1,71,581,82,rep1_FOV2.tif
18,2,1,106,594,67,rep1_FOV2.tif
18,3,4,263,502,84,rep1_FOV2.tif
19,1,4,243,498,67,rep1_FOV2.tif
20,1,4,260,506,69,rep1_FOV2.tif
0,1,1,56,361,164,rep1_FOV3.tif
0,2,5,232,189,183,rep1_FOV3.tif
0,3,6,264,516,202,rep1_FOV3.tif
0,4,8,362,534,78,rep1_FOV3.tif
0,5,9,450,182,255,rep1_FOV3.tif
0,6,12,535,249,255,rep1_FOV3.tif
1,1,1,59,359,255,rep1_FOV3.tif
1,2,5,232,188,107,rep1_FOV3.tif
1,3,6,264,515,87,rep1_FOV3.tif
1,4,6,263,530,71,rep1_FOV3.tif
1,5,8,362,532,255,rep1_FOV3.tif
1,6,9,450,182,255,rep1_FOV3.tif
1,7,9,479,173,72,rep1_FOV3.tif
1,8,11,525,78,246,rep1_FOV3.tif
1,9,12,535,248,144,rep1_FOV3.tif
2,1,1,60,359,174,rep1_FOV3.tif
2,2,3,140,177,70,rep1_FOV3.tif
2,3,5,231,184,71,rep1_FOV3.tif
2,4,6,267,515,93,rep1_FOV3.tif
2,5,8,361,532,255,rep1_FOV3.tif
2,6,9,450,182,255,rep1_FOV3.tif
2,7,11,525,78,104,rep1_FOV3.tif
2,8,12,534,249,89,rep1_FOV3.tif
3,1,1,59,360,130,rep1_FOV3.tif
3,2,3,140,177,198,rep1_FOV3.tif
3,3,8,362,531,255,rep1_FOV3.tif
3,4,9,449,181,125,rep1_FOV3.tif
3,5,12,537,261,65,rep1_FOV3.tif
4,1,1,55,360,74,rep1_FOV3.tif
4,2,2,88,554,145,rep1_FOV3.tif
4,3,3,141,177,116,rep1_FOV3.tif
4,4,8,362,532,139,rep1_FOV3.tif
4,5,9,450,182,101,rep1_FOV3.tif
5,1,1,60,362,101,rep1_FOV3.tif
5,2,2,88,554,226,rep1_FOV3.tif
5,3,3,135,179,76,rep1_FOV3.tif
5,4,8,362,532,255,rep1_FOV3.tif
5,5,10,470,488,142,rep1_FOV3.tif
5,6,11,497,79,74,rep1_FOV3.tif
5,7,11,511,57,70,rep1_FOV3.tif
5,8,11,523,78,79,rep1_FOV3.tif
6,1,2,88,553,113,rep1_FOV3.tif
6,2,2,119,514,73,rep1_FOV3.tif
6,3,3,141,141,78,rep1_FOV3.tif
6,4,6,265,517,82,rep1_FOV3.tif
6,5,8,360,531,255,rep1_FOV3.tif
6,6,8,375,522,72,rep1_FOV3.tif
6,7,8,378,534,76,rep1_FOV3.tif
6,8,9,450,182,99,rep1_FOV3.tif
6,9,10,454,502,75,rep1_FOV3.tif
7,1,1,57,360,255,rep1_FOV3.tif
7,2,1,73,355,105,rep1_FOV3.tif
7,3,2,87,555,94,rep1_FOV3.tif
7,4,4,249,419,114,rep1_FOV3.tif
7,5,8,358,511,81,rep1_FOV3.tif
7,6,8,359,532,154,rep1_FOV3.tif
7,7,8,375,503,91,rep1_FOV3.tif
7,8,9,450,181,92,rep1_FOV3.tif
7,9,10,469,488,175,rep1_FOV3.tif
7,10,11,524,76,127,rep1_FOV3.tif
8,1,1,55,359,130,rep1_FOV3.tif
8,2,1,54,387,79,rep1_FOV3.tif
8,3,1,68,358,80,rep1_FOV3.tif
8,4,3,141,177,116,rep1_FOV3.tif
8,5,4,246,419,78,rep1_FOV3.tif
8,6,6,267,517,91,rep1_FOV3.tif
8,7,8,358,532,78,rep1_FOV3.tif
8,8,8,370,518,252,rep1_FOV3.tif
8,9,8,389,530,73,rep1_FOV3.tif
8,10,9,436,162,84,rep1_FOV3.tif
8,11,9,450,180,255,rep1_FOV3.tif
8,12,10,466,489,128,rep1_FOV3.tif
8,13,11,524,78,109,rep1_FOV3.tif
9,1,1,56,359,125,rep1_FOV3.tif
9,2,2,90,553,255,rep1_FOV3.tif
9,3,3,140,176,165,rep1_FOV3.tif
9,4,4,242,427,87,rep1_FOV3.tif
9,5,4,247,418,73,rep1_FOV3.tif
9,6,7,357,84,152,rep1_FOV3.tif
9,7,8,355,515,79,rep1_FOV3.tif
9,8,8,355,534,67,rep1_FOV3.tif
9,9,8,360,506,75,rep1_FOV3.tif
9,10,8,370,518,255,rep1_FOV3.tif
9,11,9,450,178,194,rep1_FOV3.tif
9,12,9,450,195,88,rep1_FOV3.tif
9,13,9,454,164,80,rep1_FOV3.tif
9,14,9,459,204,96,rep1_FOV3.tif
9,15,10,465,494,77,rep1_FOV3.tif
9,16,10,470,487,107,rep1_FOV3.tif
9,17,11,523,78,68,rep1_FOV3.tif
9,18,11,525,60,69,rep1_FOV3.tif
10,1,1,84,386,75,rep1_FOV3.tif
10,2,2,88,555,153,rep1_FOV3.tif
10,3,3,139,177,133,rep1_FOV3.tif
10,4,7,357,84,152,rep1_FOV3.tif
10,5,8,354,514,74,rep1_FOV3.tif
10,6,8,367,520,130,rep1_FOV3.tif
10,7,9,438,161,80,rep1_FOV3.tif
10,8,9,445,164,85,rep1_FOV3.tif
10,9,9,451,179,111,rep1_FOV3.tif
10,10,9,468,180,96,rep1_FOV3.tif
10,11,9,491,177,71,rep1_FOV3.tif
10,12,10,470,489,115,rep1_FOV3.tif
10,13,12,535,257,109,rep1_FOV3.tif
11,1,2,88,554,100,rep1_FOV3.tif
11,2,2,104,528,75,rep1_FOV3.tif
11,3,2,108,557,86,rep1_FOV3.tif
11,4,2,125,515,73,rep1_FOV3.tif
11,5,3,141,174,117,rep1_FOV3.tif
11,6,4,248,421,149,rep1_FOV3.tif
11,7,8,369,518,78,rep1_FOV3.tif
11,8,10,480,504,69,rep1_FOV3.tif
12,1,4,220,424,69,rep1_FOV3.tif
12,2,4,249,421,100,rep1_FOV3.tif
12,3,4,253,430,81,rep1_FOV3.tif
12,4,7,357,84,99,rep1_FOV3.tif
12,5,10,469,489,255,rep1_FOV3.tif
13,1,2,93,550,217,rep1_FOV3.tif
13,2,7,366,95,95,rep1_FOV3.tif
13,3,7,381,90,73,rep1_FOV3.tif
13,4,9,449,180,255,rep1_FOV3.tif
13,5,9,459,194,81,rep1_FOV3.tif
13,6,10,468,489,167,rep1_FOV3.tif
13,7,11,523,79,97,rep1_FOV3.tif
13,8,12,536,257,106,rep1_FOV3.tif
14,1,2,89,552,222,rep1_FOV3.tif
14,2,2,97,546,201,rep1_FOV3.tif
14,3,5,233,188,134,rep1_FOV3.tif
14,4,6,264,516,255,rep1_FOV3.tif
14,5,7,367,90,76,rep1_FOV3.tif
14,6,7,367,78,75,rep1_FOV3.tif
14,7,9,451,180,144,rep1_FOV3.tif
14,8,9,479,177,75,rep1_FOV3.tif
14,9,10,476,508,126,rep1_FOV3.tif
14,10,11,526,83,255,rep1_FOV3.tif
14,11,12,537,257,79,rep1_FOV3.tif
15,1,2,90,552,241,rep1_FOV3.tif
15,2,2,93,524,77,rep1_FOV3.tif
15,3,2,95,546,109,rep1_FOV3.tif
15,4,2,102,516,86,rep1_FOV3.tif
15,5,2,124,550,82,rep1_FOV3.tif
15,6,4,248,420,255,rep1_FOV3.tif
15,7,4,248,398,85,rep1_FOV3.tif
15,8,5,234,188,255,rep1_FOV3.tif
15,9,5,245,202,76,rep1_FOV3.tif
15,10,6,256,536,72,rep1_FOV3.tif
15,11,6,264,516,224,rep1_FOV3.tif
15,12,7,348,90,69,rep1_FOV3.tif
15,13,7,364,95,81,rep1_FOV3.tif
15,14,9,447,155,75,rep1_FOV3.tif
15,15,9,449,179,127,rep1_FOV3.tif
15,16,9,456,202,75,rep1_FOV3.tif
15,17,10,476,508,71,rep1_FOV3.tif
15,18,10,512,490,67,rep1_FOV3.tif
15,19,11,508,81,72,rep1_FOV3.tif
15,20,11,527,83,156,rep1_FOV3.tif
15,21,11,541,76,99,rep1_FOV3.tif
16,1,1,57,360,255,rep1_FOV3.tif
16,2,2,89,553,153,rep1_FOV3.tif
16,3,2,95,544,105,rep1_FOV3.tif
16,4,2,125,531,74,rep1_FOV3.tif
16,5,4,248,421,255,rep1_FOV3.tif
16,6,5,234,188,255,rep1_FOV3.tif
16,7,5,233,167,101,rep1_FOV3.tif
16,8,5,245,167,75,rep1_FOV3.tif
16,9,5,250,199,91,rep1_FOV3.tif
16,10,6,264,517,161,rep1_FOV3.tif
16,11,6,287,500,89,rep1_FOV3.tif
16,12,7,344,75,78,rep1_FOV3.tif
16,13,7,347,98,71,rep1_FOV3.tif
16,14,7,356,66,75,rep1_FOV3.tif
16,15,9,450,179,101,rep1_FOV3.tif
16,16,9,472,174,80,rep1_FOV3.tif
16,17,10,497,486,78,rep1_FOV3.tif
16,18,10,513,507,97,rep1_FOV3.tif
16,19,11,521,89,86,rep1_FOV3.tif
16,20,11,522,71,83,rep1_FOV3.tif
16,21,11,528,81,103,rep1_FOV3.tif
17,1,1,58,359,255,rep1_FOV3.tif
17,2,2,90,552,255,rep1_FOV3.tif
17,3,2,106,519,80,rep1_FOV3.tif
17,4,2,107,538,75,rep1_FOV3.tif
17,5,2,117,550,74,rep1_FOV3.tif
17,6,4,240,384,78,rep1_FOV3.tif
17,7,4,249,420,216,rep1_FOV3.tif
17,8,4,246,429,101,rep1_FOV3.tif
17,9,4,262,408,108,rep1_FOV3.tif
17,10,5,233,189,166,rep1_FOV3.tif
17,11,5,246,170,68,rep1_FOV3.tif
17,12,6,269,517,114,rep1_FOV3.tif
17,13,7,367,94,75,rep1_FOV3.tif
17,14,9,466,156,74,rep1_FOV3.tif
18,1,1,58,359,152,rep1_FOV3.tif
18,2,1,56,397,76,rep1_FOV3.tif
18,3,1,72,349,89,rep1_FOV3.tif
18,4,1,79,359,72,rep1_FOV3.tif
18,5,2,77,546,87,rep1_FOV3.tif
18,6,2,84,533,85,rep1_FOV3.tif
18,7,2,89,553,255,rep1_FOV3.tif
18,8,2,97,560,107,rep1_FOV3.tif
18,9,4,212,421,76,rep1_FOV3.tif
18,10,4,236,441,104,rep1_FOV3.tif
18,11,4,239,408,93,rep1_FOV3.tif
18,12,4,244,426,255,rep1_FOV3.tif
18,13,4,253,420,126,rep1_FOV3.tif
18,14,5,232,189,93,rep1_FOV3.tif
18,15,5,268,158,74,rep1_FOV3.tif
18,16,5,273,191,72,rep1_FOV3.tif
18,17,6,263,501,69,rep1_FOV3.tif
18,18,6,264,516,77,rep1_FOV3.tif
18,19,7,357,83,119,rep1_FOV3.tif
18,20,11,494,85,74,rep1_FOV3.tif
18,21,11,522,78,95,rep1_FOV3.tif
19,1,1,48,388,65,rep1_FOV3.tif
19,2,1,57,360,116,rep1_FOV3.tif
19,3,1,70,375,75,rep1_FOV3.tif
19,4,2,79,543,83,rep1_FOV3.tif
19,5,2,87,534,82,rep1_FOV3.tif
19,6,2,86,549,81,rep1_FOV3.tif
19,7,2,92,552,89,rep1_FOV3.tif
19,8,2,99,541,93,rep1_FOV3.tif
19,9,2,103,560,80,rep1_FOV3.tif
19,10,4,221,427,79,rep1_FOV3.tif
19,11,4,223,435,86,rep1_FOV3.tif
19,12,4,230,405,85,rep1_FOV3.tif
19,13,4,238,411,90,rep1_FOV3.tif
19,14,4,244,425,116,rep1_FOV3.tif
19,15,4,252,417,114,rep1_FOV3.tif
19,16,4,262,408,111,rep1_FOV3.tif
19,17,5,225,194,133,rep1_FOV3.tif
19,18,5,242,188,75,rep1_FOV3.tif
19,19,7,355,84,73,rep1_FOV3.tif
19,20,9,447,180,87,rep1_FOV3.tif
19,21,11,523,78,76,rep1_FOV3.tif
20,1,1,58,360,92,rep1_FOV3.tif
20,2,2,89,554,228,rep1_FOV3.tif
20,3,2,89,533,93,rep1_FOV3.tif
20,4,4,232,412,82,rep1_FOV3.tif
20,5,4,244,426,90,rep1_FOV3.tif
20,6,4,247,409,75,rep1_FOV3.tif
20,7,4,252,398,69,rep1_FOV3.tif
20,8,4,256,425,93,rep1_FOV3.tif
20,9,5,227,193,255,rep1_FOV3.tif
20,10,5,232,163,76,rep1_FOV3.tif
20,11,8,368,520,92,rep1_FOV3.tif
20,12,9,446,191,80,rep1_FOV3.tif
20,13,9,450,182,163,rep1_FOV3.tif
20,14,11,526,82,255,rep1_FOV3.tif
0,1,1,42,276,168,rep1_FOV4.tif
0,2,1,50,290,153,rep1_FOV4.tif
0,3,1,80,291,69,rep1_FOV4.tif
0,4,3,171,383,124,rep1_FOV4.tif
0,5,4,227,63,170,rep1_FOV4.tif
0,6,4,233,74,209,rep1_FOV4.tif
0,7,4,246,94,76,rep1_FOV4.tif
0,8,7,481,112,88,rep1_FOV4.tif
0,9,8,500,214,255,rep1_FOV4.tif
0,10,9,563,386,172,rep1_FOV4.tif
0,11,10,554,511,80,rep1_FOV4.tif
1,1,1,39,279,73,rep1_FOV4.tif
1,2,1,41,263,79,rep1_FOV4.tif
1,3,1,51,291,126,rep1_FOV4.tif
1,4,3,168,384,82,rep1_FOV4.tif
1,5,4,227,64,194,rep1_FOV4.tif
1,6,4,233,75,122,rep1_FOV4.tif
1,7,7,497,99,136,rep1_FOV4.tif
1,8,8,481,225,75,rep1_FOV4.tif
1,9,8,501,208,237,rep1_FOV4.tif
1,10,8,517,226,76,rep1_FOV4.tif
1,11,9,561,385,241,rep1_FOV4.tif
2,1,1,44,299,76,rep1_FOV4.tif
2,2,1,50,288,95,rep1_FOV4.tif
2,3,4,227,64,114,rep1_FOV4.tif
2,4,5,235,257,221,rep1_FOV4.tif
2,5,7,498,99,90,rep1_FOV4.tif
2,6,8,501,208,166,rep1_FOV4.tif
2,7,8,507,232,89,rep1_FOV4.tif
2,8,9,560,384,255,rep1_FOV4.tif
2,9,10,555,513,255,rep1_FOV4.tif
3,1,1,49,288,255,rep1_FOV4.tif
3,2,4,227,64,74,rep1_FOV4.tif
3,3,5,235,257,130,rep1_FOV4.tif
3,4,7,498,100,103,rep1_FOV4.tif
3,5,8,476,207,71,rep1_FOV4.tif
3,6,8,505,203,238,rep1_FOV4.tif
3,7,9,543,400,78,rep1_FOV4.tif
3,8,9,560,384,255,rep1_FOV4.tif
3,9,9,577,396,81,rep1_FOV4.tif
3,10,10,554,511,126,rep1_FOV4.tif
4,1,1,49,287,138,rep1_FOV4.tif
4,2,1,75,285,72,rep1_FOV4.tif
4,3,2,74,94,67,rep1_FOV4.tif
4,4,2,78,133,193,rep1_FOV4.tif
4,5,3,156,379,92,rep1_FOV4.tif
4,6,3,173,383,255,rep1_FOV4.tif
4,7,5,235,255,72,rep1_FOV4.tif
4,8,7,498,100,92,rep1_FOV4.tif
4,9,8,502,203,125,rep1_FOV4.tif
4,10,9,544,372,70,rep1_FOV4.tif
4,11,9,550,404,73,rep1_FOV4.tif
4,12,9,560,383,216,rep1_FOV4.tif
4,13,10,554,513,78,rep1_FOV4.tif
5,1,1,50,284,79,rep1_FOV4.tif
5,2,3,171,383,255,rep1_FOV4.tif
5,3,3,182,395,85,rep1_FOV4.tif
5,4,4,227,64,82,rep1_FOV4.tif
5,5,4,234,85,70,rep1_FOV4.tif
5,6,6,311,624,155,rep1_FOV4.tif
5,7,8,502,203,75,rep1_FOV4.tif
5,8,9,550,407,67,rep1_FOV4.tif
5,9,9,559,382,225,rep1_FOV4.tif
5,10,10,555,512,111,rep1_FOV4.tif
5,11,10,560,491,166,rep1_FOV4.tif
6,1,1,49,286,84,rep1_FOV4.tif
6,2,3,151,367,82,rep1_FOV4.tif
6,3,3,174,383,201,rep1_FOV4.tif
6,4,3,181,363,72,rep1_FOV4.tif
6,5,3,187,387,110,rep1_FOV4.tif
6,6,4,228,66,68,rep1_FOV4.tif
6,7,8,503,205,123,rep1_FOV4.tif
6,8,9,559,383,163,rep1_FOV4.tif
6,9,9,563,401,77,rep1_FOV4.tif
6,10,10,555,512,223,rep1_FOV4.tif
6,11,10,568,505,79,rep1_FOV4.tif
7,1,1,48,287,154,rep1_FOV4.tif
7,2,3,178,384,152,rep1_FOV4.tif
7,3,7,482,121,74,rep1_FOV4.tif
7,4,7,497,101,255,rep1_FOV4.tif
7,5,8,505,206,85,rep1_FOV4.tif
7,6,9,540,398,76,rep1_FOV4.tif
7,7,9,564,388,255,rep1_FOV4.tif
7,8,9,564,404,86,rep1_FOV4.tif
7,9,9,582,383,79,rep1_FOV4.tif
7,10,10,552,499,71,rep1_FOV4.tif
7,11,10,565,514,85,rep1_FOV4.tif
7,12,10,569,528,75,rep1_FOV4.tif
8,1,1,48,287,89,rep1_FOV4.tif
8,2,3,178,384,165,rep1_FOV4.tif
8,3,5,237,264,86,rep1_FOV4.tif
8,4,7,497,101,255,rep1_FOV4.tif
8,5,7,522,93,74,rep1_FOV4.tif
8,6,10,574,499,69,rep1_FOV4.tif
9,1,1,51,289,97,rep1_FOV4.tif
9,2,3,176,383,77,rep1_FOV4.tif
9,3,7,485,122,82,rep1_FOV4.tif
9,4,7,496,102,120,rep1_FOV4.tif
9,5,7,518,117,70,rep1_FOV4.tif
9,6,8,498,213,89,rep1_FOV4.tif
9,7,10,556,513,76,rep1_FOV4.tif
9,8,10,560,491,110,rep1_FOV4.tif
9,9,10,568,518,75,rep1_FOV4.tif
9,10,10,576,505,72,rep1_FOV4.tif
10,1,1,40,276,109,rep1_FOV4.tif
10,2,3,170,383,214,rep1_FOV4.tif
10,3,3,181,387,86,rep1_FOV4.tif
10,4,4,228,64,118,rep1_FOV4.tif
10,5,5,238,262,251,rep1_FOV4.tif
10,6,6,324,607,136,rep1_FOV4.tif
10,7,10,548,506,69,rep1_FOV4.tif
10,8,10,559,490,255,rep1_FOV4.tif
11,1,1,43,276,255,rep1_FOV4.tif
11,2,2,78,132,189,rep1_FOV4.tif
11,3,3,169,384,94,rep1_FOV4.tif
11,4,3,168,403,75,rep1_FOV4.tif
11,5,4,227,66,87,rep1_FOV4.tif
11,6,5,238,264,76,rep1_FOV4.tif
11,7,6,320,606,74,rep1_FOV4.tif
11,8,6,330,605,77,rep1_FOV4.tif
11,9,10,532,512,80,rep1_FOV4.tif
11,10,10,560,491,255,rep1_FOV4.tif
12,1,1,45,277,157,rep1_FOV4.tif
12,2,2,63,111,69,rep1_FOV4.tif
12,3,2,78,133,158,rep1_FOV4.tif
12,4,3,175,384,184,rep1_FOV4.tif
12,5,4,226,63,100,rep1_FOV4.tif
12,6,4,227,76,77,rep1_FOV4.tif
12,7,7,501,112,75,rep1_FOV4.tif
12,8,10,532,529,77,rep1_FOV4.tif
12,9,10,539,499,94,rep1_FOV4.tif
12,10,10,552,513,104,rep1_FOV4.tif
12,11,10,558,490,255,rep1_FOV4.tif
12,12,10,574,527,78,rep1_FOV4.tif
13,1,1,44,276,98,rep1_FOV4.tif
13,2,1,48,289,149,rep1_FOV4.tif
13,3,2,78,131,78,rep1_FOV4.tif
13,4,3,143,385,73,rep1_FOV4.tif
13,5,3,175,386,98,rep1_FOV4.tif
13,6,8,497,214,130,rep1_FOV4.tif
13,7,10,535,503,93,rep1_FOV4.tif
13,8,10,545,516,80,rep1_FOV4.tif
13,9,10,554,530,76,rep1_FOV4.tif
13,10,10,561,491,170,rep1_FOV4.tif
14,1,1,43,277,255,rep1_FOV4.tif
14,2,1,48,289,89,rep1_FOV4.tif
14,3,2,78,132,192,rep1_FOV4.tif
14,4,3,168,387,79,rep1_FOV4.tif
14,5,4,227,64,124,rep1_FOV4.tif
14,6,8,503,203,255,rep1_FOV4.tif
14,7,10,559,491,109,rep1_FOV4.tif
14,8,10,566,521,78,rep1_FOV4.tif
15,1,1,43,277,172,rep1_FOV4.tif
15,2,1,64,280,86,rep1_FOV4.tif
15,3,1,68,290,73,rep1_FOV4.tif
15,4,2,78,132,255,rep1_FOV4.tif
15,5,3,169,383,252,rep1_FOV4.tif
15,6,4,213,84,73,rep1_FOV4.tif
15,7,4,227,66,76,rep1_FOV4.tif
15,8,8,504,204,183,rep1_FOV4.tif
16,1,1,43,277,78,rep1_FOV4.tif
16,2,1,48,291,133,rep1_FOV4.tif
16,3,1,73,265,78,rep1_FOV4.tif
16,4,2,77,132,97,rep1_FOV4.tif
16,5,3,169,384,150,rep1_FOV4.tif
16,6,8,500,210,91,rep1_FOV4.tif
16,7,8,504,201,85,rep1_FOV4.tif
17,1,1,41,279,137,rep1_FOV4.tif
17,2,1,47,261,84,rep1_FOV4.tif
17,3,3,171,382,80,rep1_FOV4.tif
17,4,4,201,82,76,rep1_FOV4.tif
17,5,4,234,74,255,rep1_FOV4.tif
17,6,8,503,203,88,rep1_FOV4.tif
18,1,1,42,278,79,rep1_FOV4.tif
18,2,1,48,292,84,rep1_FOV4.tif
18,3,3,170,383,91,rep1_FOV4.tif
18,4,4,234,73,255,rep1_FOV4.tif
18,5,8,498,214,188,rep1_FOV4.tif
18,6,8,501,237,77,rep1_FOV4.tif
19,1,1,42,278,74,rep1_FOV4.tif
19,2,1,61,296,79,rep1_FOV4.tif
19,3,1,61,267,70,rep1_FOV4.tif
19,4,3,166,363,68,rep1_FOV4.tif
19,5,3,169,385,75,rep1_FOV4.tif
19,6,4,230,96,135,rep1_FOV4.tif
19,7,4,233,73,94,rep1_FOV4.tif
19,8,4,244,86,88,rep1_FOV4.tif
19,9,8,488,250,72,rep1_FOV4.tif
19,10,8,497,214,115,rep1_FOV4.tif
19,11,8,505,203,82,rep1_FOV4.tif
20,1,2,86,115,70,rep1_FOV4.tif
20,2,3,165,383,77,rep1_FOV4.tif
20,3,3,174,390,77,rep1_FOV4.tif
0,1,1,92,451,82,rep1_FOV5.tif
0,2,5,282,168,76,rep1_FOV5.tif
0,3,5,293,175,118,rep1_FOV5.tif
0,4,6,336,592,110,rep1_FOV5.tif
0,5,9,497,404,81,rep1_FOV5.tif
0,6,11,588,543,171,rep1_FOV5.tif
1,1,2,88,132,255,rep1_FOV5.tif
1,2,6,341,616,83,rep1_FOV5.tif
1,3,9,497,402,69,rep1_FOV5.tif
1,4,11,590,543,96,rep1_FOV5.tif
1,5,11,594,562,69,rep1_FOV5.tif
1,6,11,604,569,72,rep1_FOV5.tif
2,1,1,91,451,65,rep1_FOV5.tif
2,2,2,89,132,255,rep1_FOV5.tif
2,3,3,174,308,255,rep1_FOV5.tif
2,4,6,334,589,89,rep1_FOV5.tif
3,1,2,69,93,82,rep1_FOV5.tif
3,2,2,75,108,86,rep1_FOV5.tif
3,3,2,88,131,207,rep1_FOV5.tif
3,4,3,173,310,113,rep1_FOV5.tif
4,1,2,84,131,73,rep1_FOV5.tif
4,2,3,173,309,105,rep1_FOV5.tif
4,3,8,514,79,69,rep1_FOV5.tif
5,1,3,147,310,71,rep1_FOV5.tif
5,2,3,174,308,82,rep1_FOV5.tif
5,3,4,270,416,183,rep1_FOV5.tif
5,4,7,366,67,124,rep1_FOV5.tif
5,5,8,513,79,67,rep1_FOV5.tif
6,1,3,175,308,239,rep1_FOV5.tif
6,2,4,262,402,69,rep1_FOV5.tif
6,3,4,269,417,110,rep1_FOV5.tif
6,4,7,353,55,71,rep1_FOV5.tif
6,5,7,367,66,151,rep1_FOV5.tif
6,6,7,392,59,65,rep1_FOV5.tif
6,7,8,514,81,150,rep1_FOV5.tif
7,1,3,175,308,150,rep1_FOV5.tif
7,2,4,263,402,93,rep1_FOV5.tif
7,3,4,270,416,81,rep1_FOV5.tif
7,4,7,365,66,169,rep1_FOV5.tif
7,5,7,378,61,97,rep1_FOV5.tif
7,6,8,508,81,76,rep1_FOV5.tif
7,7,9,496,405,255,rep1_FOV5.tif
7,8,10,506,220,135,rep1_FOV5.tif
8,1,3,175,309,118,rep1_FOV5.tif
8,2,3,189,332,74,rep1_FOV5.tif
8,3,4,260,401,81,rep1_FOV5.tif
8,4,4,269,416,131,rep1_FOV5.tif
8,5,4,273,395,82,rep1_FOV5.tif
8,6,7,366,65,121,rep1_FOV5.tif
8,7,9,475,408,78,rep1_FOV5.tif
8,8,9,497,406,255,rep1_FOV5.tif
8,9,9,493,427,77,rep1_FOV5.tif
8,10,9,499,386,90,rep1_FOV5.tif
8,11,9,507,428,76,rep1_FOV5.tif
9,1,3,175,307,121,rep1_FOV5.tif
9,2,3,185,294,67,rep1_FOV5.tif
9,3,4,250,377,71,rep1_FOV5.tif
9,4,4,269,418,162,rep1_FOV5.tif
9,5,7,367,66,73,rep1_FOV5.tif
9,6,9,480,404,87,rep1_FOV5.tif
9,7,9,488,423,91,rep1_FOV5.tif
9,8,9,496,404,255,rep1_FOV5.tif
9,9,9,495,385,125,rep1_FOV5.tif
9,10,9,511,387,88,rep1_FOV5.tif
9,11,9,511,418,84,rep1_FOV5.tif
9,12,11,589,542,255,rep1_FOV5.tif
10,1,3,161,313,72,rep1_FOV5.tif
10,2,3,176,307,75,rep1_FOV5.tif
10,3,4,270,421,107,rep1_FOV5.tif
10,4,9,477,405,142,rep1_FOV5.tif
10,5,9,485,420,76,rep1_FOV5.tif
10,6,9,493,385,87,rep1_FOV5.tif
10,7,9,496,404,222,rep1_FOV5.tif
10,8,9,501,384,104,rep1_FOV5.tif
10,9,9,526,413,74,rep1_FOV5.tif
10,10,10,501,217,255,rep1_FOV5.tif
10,11,11,589,542,255,rep1_FOV5.tif
11,1,5,298,156,255,rep1_FOV5.tif
11,2,7,365,68,83,rep1_FOV5.tif
11,3,9,487,424,93,rep1_FOV5.tif
11,4,9,495,402,115,rep1_FOV5.tif
11,5,9,518,405,97,rep1_FOV5.tif
11,6,9,521,394,103,rep1_FOV5.tif
11,7,10,500,218,158,rep1_FOV5.tif
11,8,11,572,564,78,rep1_FOV5.tif
11,9,11,588,544,134,rep1_FOV5.tif
11,10,11,600,580,71,rep1_FOV5.tif
12,1,3,175,304,73,rep1_FOV5.tif
12,2,4,259,402,77,rep1_FOV5.tif
12,3,5,283,175,93,rep1_FOV5.tif
12,4,5,299,155,181,rep1_FOV5.tif
12,5,7,364,50,123,rep1_FOV5.tif
12,6,7,365,65,113,rep1_FOV5.tif
12,7,9,485,424,80,rep1_FOV5.tif
12,8,9,494,407,129,rep1_FOV5.tif
12,9,9,500,397,103,rep1_FOV5.tif
12,10,9,512,437,71,rep1_FOV5.tif
12,11,9,514,410,82,rep1_FOV5.tif
12,12,10,502,217,255,rep1_FOV5.tif
12,13,11,569,577,80,rep1_FOV5.tif
12,14,11,575,546,76,rep1_FOV5.tif
12,15,11,589,542,156,rep1_FOV5.tif
12,16,11,589,567,82,rep1_FOV5.tif
13,1,3,175,308,255,rep1_FOV5.tif
13,2,4,272,417,76,rep1_FOV5.tif
13,3,5,297,154,72,rep1_FOV5.tif
13,4,5,308,132,68,rep1_FOV5.tif
13,5,7,363,50,77,rep1_FOV5.tif
13,6,7,375,57,75,rep1_FOV5.tif
13,7,7,377,98,71,rep1_FOV5.tif
13,8,9,483,415,106,rep1_FOV5.tif
13,9,9,497,407,153,rep1_FOV5.tif
13,10,9,502,394,82,rep1_FOV5.tif
13,11,10,498,246,83,rep1_FOV5.tif
13,12,10,501,217,154,rep1_FOV5.tif
13,13,10,510,259,74,rep1_FOV5.tif
13,14,11,589,543,255,rep1_FOV5.tif
14,1,3,145,312,79,rep1_FOV5.tif
14,2,3,175,306,214,rep1_FOV5.tif
14,3,5,297,154,108,rep1_FOV5.tif
14,4,6,334,586,205,rep1_FOV5.tif
14,5,7,377,87,76,rep1_FOV5.tif
14,6,9,484,423,69,rep1_FOV5.tif
14,7,9,497,406,83,rep1_FOV5.tif
14,8,10,501,216,167,rep1_FOV5.tif
14,9,11,574,568,75,rep1_FOV5.tif
14,10,11,589,542,138,rep1_FOV5.tif
14,11,11,592,555,95,rep1_FOV5.tif
15,1,3,146,310,81,rep1_FOV5.tif
15,2,3,160,295,81,rep1_FOV5.tif
15,3,3,171,343,65,rep1_FOV5.tif
15,4,3,176,306,169,rep1_FOV5.tif
15,5,3,179,295,94,rep1_FOV5.tif
15,6,3,183,324,74,rep1_FOV5.tif
15,7,5,296,155,86,rep1_FOV5.tif
15,8,6,332,587,91,rep1_FOV5.tif
15,9,7,363,51,255,rep1_FOV5.tif
15,10,7,377,70,95,rep1_FOV5.tif
15,11,7,398,56,77,rep1_FOV5.tif
15,12,10,502,216,94,rep1_FOV5.tif
15,13,11,589,544,79,rep1_FOV5.tif
16,1,3,175,307,255,rep1_FOV5.tif
16,2,3,181,326,74,rep1_FOV5.tif
16,3,3,193,321,73,rep1_FOV5.tif
16,4,5,297,154,194,rep1_FOV5.tif
16,5,7,353,82,89,rep1_FOV5.tif
16,6,7,364,51,225,rep1_FOV5.tif
16,7,7,366,68,255,rep1_FOV5.tif
16,8,7,374,82,83,rep1_FOV5.tif
16,9,10,498,216,107,rep1_FOV5.tif
16,10,10,536,236,76,rep1_FOV5.tif
16,11,11,602,562,72,rep1_FOV5.tif
17,1,3,156,306,74,rep1_FOV5.tif
17,2,3,175,307,142,rep1_FOV5.tif
17,3,5,297,155,222,rep1_FOV5.tif
17,4,6,335,585,102,rep1_FOV5.tif
17,5,6,361,610,69,rep1_FOV5.tif
17,6,7,345,67,87,rep1_FOV5.tif
17,7,7,343,84,76,rep1_FOV5.tif
17,8,7,351,89,76,rep1_FOV5.tif
17,9,7,363,50,118,rep1_FOV5.tif
17,10,7,366,68,156,rep1_FOV5.tif
17,11,7,364,88,80,rep1_FOV5.tif
17,12,7,375,78,120,rep1_FOV5.tif
17,13,10,507,213,92,rep1_FOV5.tif
18,1,3,155,300,74,rep1_FOV5.tif
18,2,5,294,160,82,rep1_FOV5.tif
18,3,5,297,156,121,rep1_FOV5.tif
18,4,6,337,583,92,rep1_FOV5.tif
18,5,6,365,600,78,rep1_FOV5.tif
18,6,7,343,67,75,rep1_FOV5.tif
18,7,7,356,55,110,rep1_FOV5.tif
18,8,7,365,67,86,rep1_FOV5.tif
18,9,7,372,87,77,rep1_FOV5.tif
18,10,8,515,80,255,rep1_FOV5.tif
18,11,11,597,563,119,rep1_FOV5.tif
19,1,4,271,417,207,rep1_FOV5.tif
19,2,5,308,161,74,rep1_FOV5.tif
19,3,6,336,585,103,rep1_FOV5.tif
19,4,6,361,580,76,rep1_FOV5.tif
19,5,7,350,90,72,rep1_FOV5.tif
19,6,7,366,69,255,rep1_FOV5.tif
19,7,7,367,50,83,rep1_FOV5.tif
19,8,7,393,79,75,rep1_FOV5.tif
19,9,8,516,80,174,rep1_FOV5.tif
19,10,11,596,562,88,rep1_FOV5.tif
20,1,4,271,417,131,rep1_FOV5.tif
20,2,6,336,587,107,rep1_FOV5.tif
20,3,6,344,571,70,rep1_FOV5.tif
20,4,7,358,92,82,rep1_FOV5.tif
20,5,7,362,51,129,rep1_FOV5.tif
20,6,7,364,59,104,rep1_FOV5.tif
20,7,7,366,69,134,rep1_FOV5.tif
20,8,7,382,87,98,rep1_FOV5.tif
20,9,7,392,72,81,rep1_FOV5.tif
20,10,8,476,108,73,rep1_FOV5.tif
20,11,8,516,79,103,rep1_FOV5.tif
20,12,11,598,563,77,rep1_FOV5.tif
0,1,2,89,107,228,rep1_FOV6.tif
0,2,3,136,392,87,rep1_FOV6.tif
0,3,3,146,401,255,rep1_FOV6.tif
0,4,4,159,574,92,rep1_FOV6.tif
0,5,4,168,561,255,rep1_FOV6.tif
0,6,4,180,576,84,rep1_FOV6.tif
0,7,6,377,196,77,rep1_FOV6.tif
0,8,8,470,332,82,rep1_FOV6.tif
0,9,9,493,239,115,rep1_FOV6.tif
0,10,10,541,547,255,rep1_FOV6.tif
0,11,10,546,538,114,rep1_FOV6.tif
0,12,10,560,539,115,rep1_FOV6.tif
0,13,10,564,527,82,rep1_FOV6.tif
0,14,11,558,433,255,rep1_FOV6.tif
1,1,2,88,108,130,rep1_FOV6.tif
1,2,3,123,389,76,rep1_FOV6.tif
1,3,3,139,391,243,rep1_FOV6.tif
1,4,3,145,402,255,rep1_FOV6.tif
1,5,4,167,561,170,rep1_FOV6.tif
1,6,4,179,579,76,rep1_FOV6.tif
1,7,9,492,238,255,rep1_FOV6.tif
1,8,10,519,531,79,rep1_FOV6.tif
1,9,10,542,547,187,rep1_FOV6.tif
1,10,10,539,568,75,rep1_FOV6.tif
1,11,10,559,541,79,rep1_FOV6.tif
1,12,11,558,434,154,rep1_FOV6.tif
1,13,11,563,454,81,rep1_FOV6.tif
1,14,11,575,447,77,rep1_FOV6.tif
2,1,2,88,108,243,rep1_FOV6.tif
2,2,3,116,419,67,rep1_FOV6.tif
2,3,3,140,391,145,rep1_FOV6.tif
2,4,6,346,171,138,rep1_FOV6.tif
2,5,9,491,238,84,rep1_FOV6.tif
2,6,9,494,220,78,rep1_FOV6.tif
2,7,10,541,546,255,rep1_FOV6.tif
2,8,11,558,434,153,rep1_FOV6.tif
3,1,2,88,108,134,rep1_FOV6.tif
3,2,3,141,389,90,rep1_FOV6.tif
3,3,3,146,401,207,rep1_FOV6.tif
3,4,6,346,170,186,rep1_FOV6.tif
3,5,10,540,547,247,rep1_FOV6.tif
4,1,2,86,108,97,rep1_FOV6.tif
4,2,2,97,99,72,rep1_FOV6.tif
4,3,3,145,403,106,rep1_FOV6.tif
4,4,6,349,170,104,rep1_FOV6.tif
4,5,6,354,178,126,rep1_FOV6.tif
4,6,6,361,159,71,rep1_FOV6.tif
4,7,7,453,97,165,rep1_FOV6.tif
4,8,10,540,547,219,rep1_FOV6.tif
5,1,2,90,107,125,rep1_FOV6.tif
5,2,6,334,166,73,rep1_FOV6.tif
5,3,6,347,199,89,rep1_FOV6.tif
5,4,7,454,95,120,rep1_FOV6.tif
5,5,9,494,222,255,rep1_FOV6.tif
5,6,10,539,546,113,rep1_FOV6.tif
6,1,2,91,107,72,rep1_FOV6.tif
6,2,3,146,403,71,rep1_FOV6.tif
6,3,6,366,187,71,rep1_FOV6.tif
6,4,7,453,95,76,rep1_FOV6.tif
6,5,7,453,119,66,rep1_FOV6.tif
6,6,9,489,243,79,rep1_FOV6.tif
6,7,9,495,222,219,rep1_FOV6.tif
6,8,10,540,547,101,rep1_FOV6.tif
7,1,3,112,406,75,rep1_FOV6.tif
7,2,4,169,568,255,rep1_FOV6.tif
7,3,6,347,170,255,rep1_FOV6.tif
7,4,6,349,152,75,rep1_FOV6.tif
7,5,6,358,200,69,rep1_FOV6.tif
7,6,6,371,166,77,rep1_FOV6.tif
7,7,7,454,97,72,rep1_FOV6.tif
7,8,9,466,183,69,rep1_FOV6.tif
7,9,9,492,208,79,rep1_FOV6.tif
7,10,9,495,222,185,rep1_FOV6.tif
7,11,10,547,543,74,rep1_FOV6.tif
8,1,1,72,227,190,rep1_FOV6.tif
8,2,4,169,568,255,rep1_FOV6.tif
8,3,4,184,562,82,rep1_FOV6.tif
8,4,5,287,481,78,rep1_FOV6.tif
8,5,6,341,196,77,rep1_FOV6.tif
8,6,6,347,170,243,rep1_FOV6.tif
8,7,6,355,157,103,rep1_FOV6.tif
8,8,6,367,165,88,rep1_FOV6.tif
8,9,9,466,227,69,rep1_FOV6.tif
8,10,9,481,194,70,rep1_FOV6.tif
8,11,9,494,223,97,rep1_FOV6.tif
8,12,10,540,547,244,rep1_FOV6.tif
9,1,1,44,226,72,rep1_FOV6.tif
9,2,1,75,225,255,rep1_FOV6.tif
9,3,1,92,216,77,rep1_FOV6.tif
9,4,4,152,585,81,rep1_FOV6.tif
9,5,4,154,577,78,rep1_FOV6.tif
9,6,4,171,567,137,rep1_FOV6.tif
9,7,4,180,575,78,rep1_FOV6.tif
9,8,6,345,170,132,rep1_FOV6.tif
9,9,6,354,180,124,rep1_FOV6.tif
9,10,6,372,161,100,rep1_FOV6.tif
9,11,10,540,547,219,rep1_FOV6.tif
10,1,1,66,235,111,rep1_FOV6.tif
10,2,1,77,224,180,rep1_FOV6.tif
10,3,4,170,568,98,rep1_FOV6.tif
10,4,6,333,181,89,rep1_FOV6.tif
10,5,6,355,172,82,rep1_FOV6.tif
10,6,10,541,548,77,rep1_FOV6.tif
10,7,11,559,432,234,rep1_FOV6.tif
11,1,1,61,247,66,rep1_FOV6.tif
11,2,1,74,225,121,rep1_FOV6.tif
11,3,1,84,205,73,rep1_FOV6.tif
11,4,3,139,390,70,rep1_FOV6.tif
11,5,4,168,568,180,rep1_FOV6.tif
11,6,4,190,568,71,rep1_FOV6.tif
11,7,7,442,81,108,rep1_FOV6.tif
11,8,10,515,553,73,rep1_FOV6.tif
11,9,10,538,546,100,rep1_FOV6.tif
11,10,11,558,432,155,rep1_FOV6.tif
12,1,1,65,214,89,rep1_FOV6.tif
12,2,1,71,244,103,rep1_FOV6.tif
12,3,1,76,224,255,rep1_FOV6.tif
12,4,4,169,567,105,rep1_FOV6.tif
12,5,4,189,588,78,rep1_FOV6.tif
12,6,6,355,153,68,rep1_FOV6.tif
12,7,10,538,548,77,rep1_FOV6.tif
12,8,11,558,433,255,rep1_FOV6.tif
13,1,1,60,235,81,rep1_FOV6.tif
13,2,1,77,224,149,rep1_FOV6.tif
13,3,1,91,220,97,rep1_FOV6.tif
13,4,3,142,418,71,rep1_FOV6.tif
13,5,4,170,565,250,rep1_FOV6.tif
13,6,4,175,598,73,rep1_FOV6.tif
13,7,7,453,97,126,rep1_FOV6.tif
13,8,10,517,529,76,rep1_FOV6.tif
13,9,10,538,547,72,rep1_FOV6.tif
13,10,11,557,434,104,rep1_FOV6.tif
13,11,11,588,460,72,rep1_FOV6.tif
14,1,1,45,245,75,rep1_FOV6.tif
14,2,1,75,228,104,rep1_FOV6.tif
14,3,1,78,243,78,rep1_FOV6.tif
14,4,3,142,418,72,rep1_FOV6.tif
14,5,4,154,565,85,rep1_FOV6.tif
14,6,4,169,564,197,rep1_FOV6.tif
14,7,4,188,573,99,rep1_FOV6.tif
14,8,4,194,581,85,rep1_FOV6.tif
14,9,10,540,548,255,rep1_FOV6.tif
14,10,10,558,545,75,rep1_FOV6.tif
14,11,10,560,527,76,rep1_FOV6.tif
14,12,11,558,434,209,rep1_FOV6.tif
15,1,1,74,214,105,rep1_FOV6.tif
15,2,1,78,225,76,rep1_FOV6.tif
15,3,3,142,418,72,rep1_FOV6.tif
15,4,4,142,580,74,rep1_FOV6.tif
15,5,4,157,575,86,rep1_FOV6.tif
15,6,4,169,561,255,rep1_FOV6.tif
15,7,4,185,574,91,rep1_FOV6.tif
15,8,4,188,566,79,rep1_FOV6.tif
15,9,10,524,567,118,rep1_FOV6.tif
15,10,10,541,548,134,rep1_FOV6.tif
15,11,10,548,520,78,rep1_FOV6.tif
15,12,10,560,536,176,rep1_FOV6.tif
15,13,11,548,442,89,rep1_FOV6.tif
15,14,11,557,436,111,rep1_FOV6.tif
15,15,11,562,418,73,rep1_FOV6.tif
16,1,2,88,106,197,rep1_FOV6.tif
16,2,4,152,572,82,rep1_FOV6.tif
16,3,4,164,548,89,rep1_FOV6.tif
16,4,4,168,564,177,rep1_FOV6.tif
16,5,4,181,563,139,rep1_FOV6.tif
16,6,4,195,576,89,rep1_FOV6.tif
16,7,10,539,524,85,rep1_FOV6.tif
16,8,10,555,554,109,rep1_FOV6.tif
16,9,10,556,526,85,rep1_FOV6.tif
16,10,10,561,537,144,rep1_FOV6.tif
16,11,11,558,433,255,rep1_FOV6.tif
16,12,11,573,455,83,rep1_FOV6.tif
17,1,2,91,106,116,rep1_FOV6.tif
17,2,4,167,562,111,rep1_FOV6.tif
17,3,10,529,554,71,rep1_FOV6.tif
17,4,10,560,538,84,rep1_FOV6.tif
17,5,11,558,436,255,rep1_FOV6.tif
18,1,1,55,217,72,rep1_FOV6.tif
18,2,1,76,223,93,rep1_FOV6.tif
18,3,2,88,106,255,rep1_FOV6.tif
18,4,10,510,546,77,rep1_FOV6.tif
18,5,11,557,436,255,rep1_FOV6.tif
18,6,11,556,451,95,rep1_FOV6.tif
18,7,11,559,416,87,rep1_FOV6.tif
18,8,11,584,450,75,rep1_FOV6.tif
18,9,11,600,437,82,rep1_FOV6.tif
19,1,2,88,106,137,rep1_FOV6.tif
19,2,2,103,116,77,rep1_FOV6.tif
19,3,9,495,221,255,rep1_FOV6.tif
19,4,11,547,441,78,rep1_FOV6.tif
19,5,11,551,416,77,rep1_FOV6.tif
19,6,11,557,436,144,rep1_FOV6.tif
19,7,11,581,458,73,rep1_FOV6.tif
19,8,11,586,441,73,rep1_FOV6.tif
20,1,2,89,104,201,rep1_FOV6.tif
20,2,2,113,104,78,rep1_FOV6.tif
20,3,9,494,222,162,rep1_FOV6.tif
20,4,11,557,431,126,rep1_FOV6.tif
20,5,11,576,461,75,rep1_FOV6.tif
0,1,5,492,221,109,rep2_FOV1.tif
0,2,6,565,457,93,rep2_FOV1.tif
0,3,7,579,68,127,rep2_FOV1.tif
0,4,7,583,57,72,rep2_FOV1.tif
0,5,8,564,601,124,rep2_FOV1.tif
0,6,8,576,597,79,rep2_FOV1.tif
0,7,8,592,568,77,rep2_FOV1.tif
1,1,1,80,211,182,rep2_FOV1.tif
1,2,4,334,162,255,rep2_FOV1.tif
1,3,5,498,232,255,rep2_FOV1.tif
1,4,6,565,454,255,rep2_FOV1.tif
1,5,8,577,597,78,rep2_FOV1.tif
2,1,1,81,211,131,rep2_FOV1.tif
2,2,4,334,161,255,rep2_FOV1.tif
2,3,4,353,169,66,rep2_FOV1.tif
2,4,5,480,222,79,rep2_FOV1.tif
2,5,5,498,233,255,rep2_FOV1.tif
2,6,6,563,454,131,rep2_FOV1.tif
2,7,8,578,597,71,rep2_FOV1.tif
3,1,4,319,152,255,rep2_FOV1.tif
3,2,4,335,160,180,rep2_FOV1.tif
3,3,5,498,233,248,rep2_FOV1.tif
3,4,8,568,598,73,rep2_FOV1.tif
4,1,4,319,152,152,rep2_FOV1.tif
4,2,4,333,159,171,rep2_FOV1.tif
4,3,5,499,232,140,rep2_FOV1.tif
4,4,6,564,454,163,rep2_FOV1.tif
4,5,7,575,71,204,rep2_FOV1.tif
4,6,8,574,592,89,rep2_FOV1.tif
4,7,8,581,607,72,rep2_FOV1.tif
5,1,4,317,152,134,rep2_FOV1.tif
5,2,4,335,160,87,rep2_FOV1.tif
5,3,5,488,238,84,rep2_FOV1.tif
5,4,5,500,232,93,rep2_FOV1.tif
5,5,6,565,453,105,rep2_FOV1.tif
5,6,6,577,466,74,rep2_FOV1.tif
5,7,7,568,93,76,rep2_FOV1.tif
5,8,7,578,71,255,rep2_FOV1.tif
5,9,8,564,601,103,rep2_FOV1.tif
5,10,8,577,597,76,rep2_FOV1.tif
6,1,3,310,265,189,rep2_FOV1.tif
6,2,4,330,164,81,rep2_FOV1.tif
6,3,5,502,230,87,rep2_FOV1.tif
6,4,6,543,448,72,rep2_FOV1.tif
6,5,6,564,457,165,rep2_FOV1.tif
6,6,7,546,60,74,rep2_FOV1.tif
6,7,7,561,40,70,rep2_FOV1.tif
6,8,7,564,86,107,rep2_FOV1.tif
6,9,7,577,72,121,rep2_FOV1.tif
6,10,7,597,78,78,rep2_FOV1.tif
6,11,8,576,596,128,rep2_FOV1.tif
7,1,3,304,290,78,rep2_FOV1.tif
7,2,3,320,267,196,rep2_FOV1.tif
7,3,3,325,300,75,rep2_FOV1.tif
7,4,3,327,280,82,rep2_FOV1.tif
7,5,3,332,253,101,rep2_FOV1.tif
7,6,6,565,460,91,rep2_FOV1.tif
7,7,6,575,452,75,rep2_FOV1.tif
7,8,7,554,86,74,rep2_FOV1.tif
7,9,7,570,94,70,rep2_FOV1.tif
7,10,7,577,70,255,rep2_FOV1.tif
7,11,7,579,86,73,rep2_FOV1.tif
7,12,7,599,55,76,rep2_FOV1.tif
7,13,8,562,598,122,rep2_FOV1.tif
7,14,8,575,596,255,rep2_FOV1.tif
8,1,3,320,267,178,rep2_FOV1.tif
8,2,4,321,155,73,rep2_FOV1.tif
8,3,4,335,161,95,rep2_FOV1.tif
8,4,5,498,232,137,rep2_FOV1.tif
8,5,5,506,205,80,rep2_FOV1.tif
8,6,6,556,441,76,rep2_FOV1.tif
8,7,6,580,460,82,rep2_FOV1.tif
8,8,7,553,85,76,rep2_FOV1.tif
8,9,7,568,90,78,rep2_FOV1.tif
8,10,7,581,71,119,rep2_FOV1.tif
8,11,8,562,598,117,rep2_FOV1.tif
8,12,8,569,577,91,rep2_FOV1.tif
8,13,8,574,596,255,rep2_FOV1.tif
8,14,8,578,564,68,rep2_FOV1.tif
9,1,3,320,267,95,rep2_FOV1.tif
9,2,4,334,160,139,rep2_FOV1.tif
9,3,4,356,160,77,rep2_FOV1.tif
9,4,6,564,461,96,rep2_FOV1.tif
9,5,7,538,73,74,rep2_FOV1.tif
9,6,7,559,91,78,rep2_FOV1.tif
9,7,7,579,69,81,rep2_FOV1.tif
9,8,8,574,598,130,rep2_FOV1.tif
10,1,3,310,263,255,rep2_FOV1.tif
10,2,3,321,268,102,rep2_FOV1.tif
10,3,5,495,232,82,rep2_FOV1.tif
10,4,6,565,462,89,rep2_FOV1.tif
10,5,8,568,583,79,rep2_FOV1.tif
11,1,3,313,265,135,rep2_FOV1.tif
11,2,4,334,160,255,rep2_FOV1.tif
11,3,4,331,182,69,rep2_FOV1.tif
11,4,6,555,439,73,rep2_FOV1.tif
11,5,8,579,588,77,rep2_FOV1.tif
12,1,3,308,264,94,rep2_FOV1.tif
12,2,3,321,269,129,rep2_FOV1.tif
12,3,4,333,159,114,rep2_FOV1.tif
12,4,7,581,67,66,rep2_FOV1.tif
13,1,3,307,265,90,rep2_FOV1.tif
13,2,3,320,267,255,rep2_FOV1.tif
13,3,3,330,286,87,rep2_FOV1.tif
13,4,4,333,151,75,rep2_FOV1.tif
13,5,4,335,161,96,rep2_FOV1.tif
14,1,3,300,270,85,rep2_FOV1.tif
14,2,3,319,268,188,rep2_FOV1.tif
14,3,3,322,294,80,rep2_FOV1.tif
14,4,3,336,280,70,rep2_FOV1.tif
14,5,3,345,259,70,rep2_FOV1.tif
14,6,6,561,452,86,rep2_FOV1.tif
15,1,3,299,260,76,rep2_FOV1.tif
15,2,3,299,271,72,rep2_FOV1.tif
15,3,3,320,267,255,rep2_FOV1.tif
15,4,3,318,289,78,rep2_FOV1.tif
15,5,3,331,245,82,rep2_FOV1.tif
15,6,3,335,276,92,rep2_FOV1.tif
15,7,5,491,219,77,rep2_FOV1.tif
15,8,7,579,67,164,rep2_FOV1.tif
15,9,7,595,52,76,rep2_FOV1.tif
16,1,3,320,267,182,rep2_FOV1.tif
16,2,3,324,291,70,rep2_FOV1.tif
16,3,3,327,250,79,rep2_FOV1.tif
16,4,3,344,271,78,rep2_FOV1.tif
16,5,5,490,219,114,rep2_FOV1.tif
16,6,6,538,457,93,rep2_FOV1.tif
16,7,6,563,461,255,rep2_FOV1.tif
16,8,6,578,469,77,rep2_FOV1.tif
16,9,7,578,64,106,rep2_FOV1.tif
17,1,3,320,265,151,rep2_FOV1.tif
17,2,5,490,221,159,rep2_FOV1.tif
17,3,6,555,489,82,rep2_FOV1.tif
17,4,6,563,460,255,rep2_FOV1.tif
17,5,6,579,466,82,rep2_FOV1.tif
18,1,3,319,266,92,rep2_FOV1.tif
18,2,3,320,243,76,rep2_FOV1.tif
18,3,3,329,291,66,rep2_FOV1.tif
18,4,3,337,273,79,rep2_FOV1.tif
18,5,4,335,160,123,rep2_FOV1.tif
18,6,5,491,222,96,rep2_FOV1.tif
18,7,6,552,464,90,rep2_FOV1.tif
18,8,6,563,457,180,rep2_FOV1.tif
18,9,6,567,490,74,rep2_FOV1.tif
19,1,3,311,274,78,rep2_FOV1.tif
19,2,3,318,266,87,rep2_FOV1.tif
19,3,4,336,159,75,rep2_FOV1.tif
19,4,4,357,154,74,rep2_FOV1.tif
19,5,5,498,231,255,rep2_FOV1.tif
19,6,6,548,454,72,rep2_FOV1.tif
19,7,6,563,457,94,rep2_FOV1.tif
19,8,6,579,465,84,rep2_FOV1.tif
20,1,4,336,160,81,rep2_FOV1.tif
20,2,5,491,218,80,rep2_FOV1.tif
20,3,5,498,232,153,rep2_FOV1.tif
20,4,5,504,223,92,rep2_FOV1.tif
20,5,6,530,444,74,rep2_FOV1.tif
20,6,6,564,463,255,rep2_FOV1.tif
20,7,6,575,457,92,rep2_FOV1.tif
0,1,1,46,475,119,rep2_FOV2.tif
0,2,2,247,121,111,rep2_FOV2.tif
0,3,4,416,146,71,rep2_FOV2.tif
0,4,5,486,222,151,rep2_FOV2.tif
0,5,5,510,232,85,rep2_FOV2.tif
0,6,6,549,518,124,rep2_FOV2.tif
0,7,8,598,251,255,rep2_FOV2.tif
1,1,1,47,476,237,rep2_FOV2.tif
1,2,2,246,122,77,rep2_FOV2.tif
1,3,3,287,294,119,rep2_FOV2.tif
1,4,5,485,224,99,rep2_FOV2.tif
1,5,6,549,518,93,rep2_FOV2.tif
1,6,8,596,251,88,rep2_FOV2.tif
2,1,1,36,480,188,rep2_FOV2.tif
2,2,1,48,475,106,rep2_FOV2.tif
2,3,2,236,104,251,rep2_FOV2.tif
2,4,3,287,295,141,rep2_FOV2.tif
2,5,3,300,314,68,rep2_FOV2.tif
2,6,5,483,222,196,rep2_FOV2.tif
2,7,6,549,517,70,rep2_FOV2.tif
2,8,8,597,250,69,rep2_FOV2.tif
3,1,1,34,479,116,rep2_FOV2.tif
3,2,2,228,98,88,rep2_FOV2.tif
3,3,2,235,104,139,rep2_FOV2.tif
3,4,2,246,119,231,rep2_FOV2.tif
3,5,5,483,221,86,rep2_FOV2.tif
3,6,7,587,94,116,rep2_FOV2.tif
4,1,1,37,481,87,rep2_FOV2.tif
4,2,1,63,482,73,rep2_FOV2.tif
4,3,2,235,104,215,rep2_FOV2.tif
4,4,2,246,121,83,rep2_FOV2.tif
4,5,7,582,92,255,rep2_FOV2.tif
5,1,2,234,105,106,rep2_FOV2.tif
5,2,2,247,120,154,rep2_FOV2.tif
5,3,2,255,116,92,rep2_FOV2.tif
5,4,6,550,518,255,rep2_FOV2.tif
5,5,7,566,104,71,rep2_FOV2.tif
5,6,7,583,92,183,rep2_FOV2.tif
6,1,2,235,106,161,rep2_FOV2.tif
6,2,2,234,118,84,rep2_FOV2.tif
6,3,2,267,134,88,rep2_FOV2.tif
6,4,4,420,157,255,rep2_FOV2.tif
6,5,4,437,147,84,rep2_FOV2.tif
6,6,4,453,136,74,rep2_FOV2.tif
6,7,6,533,487,73,rep2_FOV2.tif
6,8,6,545,499,81,rep2_FOV2.tif
6,9,6,549,517,253,rep2_FOV2.tif
6,10,7,585,95,255,rep2_FOV2.tif
6,11,7,600,130,67,rep2_FOV2.tif
6,12,8,600,249,243,rep2_FOV2.tif
7,1,2,235,104,111,rep2_FOV2.tif
7,2,2,244,129,89,rep2_FOV2.tif
7,3,3,269,286,89,rep2_FOV2.tif
7,4,4,419,157,243,rep2_FOV2.tif
7,5,4,420,130,75,rep2_FOV2.tif
7,6,4,431,163,103,rep2_FOV2.tif
7,7,4,441,153,77,rep2_FOV2.tif
7,8,4,442,178,76,rep2_FOV2.tif
7,9,4,445,140,78,rep2_FOV2.tif
7,10,7,568,95,117,rep2_FOV2.tif
7,11,7,586,95,255,rep2_FOV2.tif
7,12,7,595,105,92,rep2_FOV2.tif
7,13,7,606,112,76,rep2_FOV2.tif
7,14,8,600,248,130,rep2_FOV2.tif
8,1,2,237,105,77,rep2_FOV2.tif
8,2,2,279,127,75,rep2_FOV2.tif
8,3,3,287,294,218,rep2_FOV2.tif
8,4,4,418,157,131,rep2_FOV2.tif
8,5,4,424,175,90,rep2_FOV2.tif
8,6,4,426,132,91,rep2_FOV2.tif
8,7,4,426,161,87,rep2_FOV2.tif
8,8,4,429,147,87,rep2_FOV2.tif
8,9,7,568,116,68,rep2_FOV2.tif
8,10,7,580,90,93,rep2_FOV2.tif
8,11,7,586,95,94,rep2_FOV2.tif
8,12,7,594,128,87,rep2_FOV2.tif
8,13,7,610,127,67,rep2_FOV2.tif
8,14,8,615,233,75,rep2_FOV2.tif
9,1,2,260,112,77,rep2_FOV2.tif
9,2,3,283,278,81,rep2_FOV2.tif
9,3,3,287,295,97,rep2_FOV2.tif
9,4,4,419,158,126,rep2_FOV2.tif
9,5,7,583,91,255,rep2_FOV2.tif
9,6,8,599,248,74,rep2_FOV2.tif
10,1,1,35,479,81,rep2_FOV2.tif
10,2,3,280,286,73,rep2_FOV2.tif
10,3,3,286,296,73,rep2_FOV2.tif
10,4,4,415,145,123,rep2_FOV2.tif
10,5,4,419,157,78,rep2_FOV2.tif
10,6,5,484,221,255,rep2_FOV2.tif
10,7,7,583,91,255,rep2_FOV2.tif
10,8,7,600,105,104,rep2_FOV2.tif
10,9,7,598,151,73,rep2_FOV2.tif
10,10,7,608,112,79,rep2_FOV2.tif
11,1,4,417,145,98,rep2_FOV2.tif
11,2,5,483,222,197,rep2_FOV2.tif
11,3,5,501,225,72,rep2_FOV2.tif
11,4,5,522,245,73,rep2_FOV2.tif
11,5,7,584,92,142,rep2_FOV2.tif
11,6,7,596,95,84,rep2_FOV2.tif
11,7,7,605,132,77,rep2_FOV2.tif
12,1,4,464,152,74,rep2_FOV2.tif
12,2,5,472,234,73,rep2_FOV2.tif
12,3,5,482,222,107,rep2_FOV2.tif
12,4,5,490,228,91,rep2_FOV2.tif
12,5,5,496,220,97,rep2_FOV2.tif
12,6,7,585,91,97,rep2_FOV2.tif
12,7,7,596,96,75,rep2_FOV2.tif
13,1,2,235,105,255,rep2_FOV2.tif
13,2,3,286,293,125,rep2_FOV2.tif
13,3,5,483,245,75,rep2_FOV2.tif
14,1,2,235,104,138,rep2_FOV2.tif
14,2,2,244,88,78,rep2_FOV2.tif
14,3,3,286,294,122,rep2_FOV2.tif
14,4,5,485,224,211,rep2_FOV2.tif
14,5,7,583,92,220,rep2_FOV2.tif
15,1,2,235,104,199,rep2_FOV2.tif
15,2,3,278,312,71,rep2_FOV2.tif
15,3,5,484,223,99,rep2_FOV2.tif
15,4,7,569,90,95,rep2_FOV2.tif
15,5,7,586,94,153,rep2_FOV2.tif
16,1,2,234,104,212,rep2_FOV2.tif
16,2,2,247,120,255,rep2_FOV2.tif
16,3,2,253,80,79,rep2_FOV2.tif
16,4,5,484,223,96,rep2_FOV2.tif
16,5,5,510,239,73,rep2_FOV2.tif
16,6,7,559,126,77,rep2_FOV2.tif
16,7,7,587,95,255,rep2_FOV2.tif
17,1,2,234,106,114,rep2_FOV2.tif
17,2,2,248,119,220,rep2_FOV2.tif
17,3,3,268,286,139,rep2_FOV2.tif
17,4,3,287,294,149,rep2_FOV2.tif
17,5,5,472,260,74,rep2_FOV2.tif
17,6,5,485,222,255,rep2_FOV2.tif
17,7,7,574,129,75,rep2_FOV2.tif
17,8,7,587,95,167,rep2_FOV2.tif
17,9,7,597,96,103,rep2_FOV2.tif
18,1,2,232,121,77,rep2_FOV2.tif
18,2,2,246,119,114,rep2_FOV2.tif
18,3,3,264,285,93,rep2_FOV2.tif
18,4,3,287,294,97,rep2_FOV2.tif
18,5,5,484,222,255,rep2_FOV2.tif
18,6,7,579,135,80,rep2_FOV2.tif
18,7,7,579,109,70,rep2_FOV2.tif
18,8,7,588,96,98,rep2_FOV2.tif
19,1,2,237,104,255,rep2_FOV2.tif
19,2,2,247,121,112,rep2_FOV2.tif
19,3,3,265,286,84,rep2_FOV2.tif
19,4,5,484,220,255,rep2_FOV2.tif
19,5,5,493,228,109,rep2_FOV2.tif
19,6,7,566,109,70,rep2_FOV2.tif
19,7,7,580,99,80,rep2_FOV2.tif
20,1,2,237,105,255,rep2_FOV2.tif
20,2,2,235,125,106,rep2_FOV2.tif
20,3,2,248,120,255,rep2_FOV2.tif
20,4,2,254,108,93,rep2_FOV2.tif
20,5,2,279,119,72,rep2_FOV2.tif
20,6,3,276,312,81,rep2_FOV2.tif
20,7,5,469,251,72,rep2_FOV2.tif
20,8,5,484,220,255,rep2_FOV2.tif
20,9,5,483,232,87,rep2_FOV2.tif
20,10,7,562,124,83,rep2_FOV2.tif
20,11,7,583,92,255,rep2_FOV2.tif
0,1,1,106,522,90,rep2_FOV3.tif
0,2,1,120,519,91,rep2_FOV3.tif
0,3,8,408,493,255,rep2_FOV3.tif
0,4,9,492,291,90,rep2_FOV3.tif
0,5,12,590,186,80,rep2_FOV3.tif
1,1,1,121,518,80,rep2_FOV3.tif
1,2,2,119,329,255,rep2_FOV3.tif
1,3,8,408,493,255,rep2_FOV3.tif
1,4,9,491,290,91,rep2_FOV3.tif
1,5,12,590,186,82,rep2_FOV3.tif
2,1,2,118,328,192,rep2_FOV3.tif
2,2,4,227,118,255,rep2_FOV3.tif
2,3,8,408,493,255,rep2_FOV3.tif
2,4,9,493,291,255,rep2_FOV3.tif
3,1,2,117,329,197,rep2_FOV3.tif
3,2,3,185,599,140,rep2_FOV3.tif
3,3,4,226,118,255,rep2_FOV3.tif
3,4,6,387,222,90,rep2_FOV3.tif
3,5,8,408,493,138,rep2_FOV3.tif
3,6,8,414,478,79,rep2_FOV3.tif
3,7,9,489,310,87,rep2_FOV3.tif
3,8,9,492,291,139,rep2_FOV3.tif
3,9,11,560,412,95,rep2_FOV3.tif
4,1,2,119,329,90,rep2_FOV3.tif
4,2,4,226,120,255,rep2_FOV3.tif
4,3,4,233,102,73,rep2_FOV3.tif
4,4,5,325,396,214,rep2_FOV3.tif
4,5,8,408,495,77,rep2_FOV3.tif
4,6,11,560,412,92,rep2_FOV3.tif
4,7,12,598,172,108,rep2_FOV3.tif
5,1,4,227,120,191,rep2_FOV3.tif
5,2,4,231,97,70,rep2_FOV3.tif
5,3,4,253,109,75,rep2_FOV3.tif
5,4,5,329,395,127,rep2_FOV3.tif
5,5,8,407,493,255,rep2_FOV3.tif
5,6,8,426,490,92,rep2_FOV3.tif
5,7,8,435,501,92,rep2_FOV3.tif
5,8,9,478,284,77,rep2_FOV3.tif
5,9,11,561,413,91,rep2_FOV3.tif
5,10,12,592,184,132,rep2_FOV3.tif
6,1,2,123,330,255,rep2_FOV3.tif
6,2,4,227,117,199,rep2_FOV3.tif
6,3,4,239,104,76,rep2_FOV3.tif
6,4,7,388,43,255,rep2_FOV3.tif
6,5,8,401,508,88,rep2_FOV3.tif
6,6,8,404,476,84,rep2_FOV3.tif
6,7,8,408,493,172,rep2_FOV3.tif
6,8,8,429,481,77,rep2_FOV3.tif
6,9,8,440,465,68,rep2_FOV3.tif
6,10,9,489,291,86,rep2_FOV3.tif
6,11,11,562,413,150,rep2_FOV3.tif
6,12,12,592,184,67,rep2_FOV3.tif
7,1,2,125,329,169,rep2_FOV3.tif
7,2,2,124,353,79,rep2_FOV3.tif
7,3,4,226,117,113,rep2_FOV3.tif
7,4,4,244,123,76,rep2_FOV3.tif
7,5,7,370,61,73,rep2_FOV3.tif
7,6,7,377,58,75,rep2_FOV3.tif
7,7,7,388,43,255,rep2_FOV3.tif
7,8,7,396,31,132,rep2_FOV3.tif
7,9,8,429,477,99,rep2_FOV3.tif
7,10,11,561,414,241,rep2_FOV3.tif
8,1,2,86,318,70,rep2_FOV3.tif
8,2,4,230,137,75,rep2_FOV3.tif
8,3,6,388,222,137,rep2_FOV3.tif
8,4,7,374,64,76,rep2_FOV3.tif
8,5,7,387,42,255,rep2_FOV3.tif
8,6,7,408,53,69,rep2_FOV3.tif
8,7,8,407,510,74,rep2_FOV3.tif
8,8,8,411,515,82,rep2_FOV3.tif
8,9,11,562,413,255,rep2_FOV3.tif
9,1,2,99,344,81,rep2_FOV3.tif
9,2,4,227,117,255,rep2_FOV3.tif
9,3,4,250,134,69,rep2_FOV3.tif
9,4,6,387,221,224,rep2_FOV3.tif
9,5,7,374,62,76,rep2_FOV3.tif
9,6,7,388,43,255,rep2_FOV3.tif
9,7,10,520,535,184,rep2_FOV3.tif
9,8,11,563,413,104,rep2_FOV3.tif
9,9,12,597,174,255,rep2_FOV3.tif
10,1,2,125,330,239,rep2_FOV3.tif
10,2,4,227,116,187,rep2_FOV3.tif
10,3,6,366,245,72,rep2_FOV3.tif
10,4,6,387,221,122,rep2_FOV3.tif
10,5,7,373,72,86,rep2_FOV3.tif
10,6,7,377,38,88,rep2_FOV3.tif
10,7,7,381,81,85,rep2_FOV3.tif
10,8,7,384,28,74,rep2_FOV3.tif
10,9,7,387,43,154,rep2_FOV3.tif
10,10,7,388,56,77,rep2_FOV3.tif
10,11,7,407,55,73,rep2_FOV3.tif
10,12,10,517,535,90,rep2_FOV3.tif
10,13,10,530,535,174,rep2_FOV3.tif
10,14,10,544,544,78,rep2_FOV3.tif
10,15,10,544,554,72,rep2_FOV3.tif
10,16,11,564,413,96,rep2_FOV3.tif
10,17,12,574,197,68,rep2_FOV3.tif
10,18,12,599,175,101,rep2_FOV3.tif
11,1,2,97,354,76,rep2_FOV3.tif
11,2,2,119,330,79,rep2_FOV3.tif
11,3,4,210,118,78,rep2_FOV3.tif
11,4,4,228,116,118,rep2_FOV3.tif
11,5,6,391,221,82,rep2_FOV3.tif
11,6,7,372,62,78,rep2_FOV3.tif
11,7,7,387,42,138,rep2_FOV3.tif
11,8,7,410,77,82,rep2_FOV3.tif
11,9,7,415,69,74,rep2_FOV3.tif
11,10,10,529,536,112,rep2_FOV3.tif
11,11,10,533,557,70,rep2_FOV3.tif
11,12,11,560,431,75,rep2_FOV3.tif
12,1,4,263,131,69,rep2_FOV3.tif
12,2,6,357,226,68,rep2_FOV3.tif
12,3,6,380,195,83,rep2_FOV3.tif
12,4,7,385,31,74,rep2_FOV3.tif
12,5,7,386,44,81,rep2_FOV3.tif
12,6,10,490,537,73,rep2_FOV3.tif
12,7,10,529,536,195,rep2_FOV3.tif
12,8,11,567,411,75,rep2_FOV3.tif
13,1,2,126,330,139,rep2_FOV3.tif
13,2,4,225,122,118,rep2_FOV3.tif
13,3,6,385,222,125,rep2_FOV3.tif
13,4,7,386,43,80,rep2_FOV3.tif
13,5,7,396,63,70,rep2_FOV3.tif
13,6,9,491,290,125,rep2_FOV3.tif
13,7,9,497,279,75,rep2_FOV3.tif
13,8,10,528,534,108,rep2_FOV3.tif
13,9,10,541,525,97,rep2_FOV3.tif
13,10,12,598,173,255,rep2_FOV3.tif
14,1,2,124,330,93,rep2_FOV3.tif
14,2,4,225,122,85,rep2_FOV3.tif
14,3,4,240,103,77,rep2_FOV3.tif
14,4,6,386,222,89,rep2_FOV3.tif
14,5,7,386,41,92,rep2_FOV3.tif
14,6,7,394,32,98,rep2_FOV3.tif
14,7,9,490,291,125,rep2_FOV3.tif
14,8,12,585,196,67,rep2_FOV3.tif
14,9,12,597,173,255,rep2_FOV3.tif
15,1,1,119,519,196,rep2_FOV3.tif
15,2,4,212,112,70,rep2_FOV3.tif
15,3,4,228,113,79,rep2_FOV3.tif
15,4,6,386,222,70,rep2_FOV3.tif
15,5,7,388,42,106,rep2_FOV3.tif
15,6,7,394,30,82,rep2_FOV3.tif
15,7,9,469,279,74,rep2_FOV3.tif
15,8,9,492,290,237,rep2_FOV3.tif
15,9,10,533,541,78,rep2_FOV3.tif
15,10,12,599,174,113,rep2_FOV3.tif
15,11,12,599,165,95,rep2_FOV3.tif
16,1,1,95,510,75,rep2_FOV3.tif
16,2,7,419,48,81,rep2_FOV3.tif
16,3,9,491,291,130,rep2_FOV3.tif
16,4,9,493,306,68,rep2_FOV3.tif
16,5,10,528,536,255,rep2_FOV3.tif
16,6,10,528,552,76,rep2_FOV3.tif
16,7,12,606,203,79,rep2_FOV3.tif
17,1,1,121,520,75,rep2_FOV3.tif
17,2,4,227,117,255,rep2_FOV3.tif
17,3,9,482,307,74,rep2_FOV3.tif
17,4,9,491,290,196,rep2_FOV3.tif
17,5,10,529,536,183,rep2_FOV3.tif
17,6,10,531,523,80,rep2_FOV3.tif
17,7,11,562,412,81,rep2_FOV3.tif
18,1,4,227,117,128,rep2_FOV3.tif
18,2,9,483,293,88,rep2_FOV3.tif
18,3,9,491,289,146,rep2_FOV3.tif
18,4,10,530,535,155,rep2_FOV3.tif
19,1,9,491,292,110,rep2_FOV3.tif
19,2,10,526,558,71,rep2_FOV3.tif
19,3,10,529,534,75,rep2_FOV3.tif
19,4,12,599,173,123,rep2_FOV3.tif
20,1,1,117,518,90,rep2_FOV3.tif
20,2,2,120,331,112,rep2_FOV3.tif
20,3,6,385,221,123,rep2_FOV3.tif
20,4,9,491,291,255,rep2_FOV3.tif
20,5,9,486,318,69,rep2_FOV3.tif
20,6,10,531,533,70,rep2_FOV3.tif
20,7,11,562,414,81,rep2_FOV3.tif
20,8,12,600,171,89,rep2_FOV3.tif
0,1,2,88,245,255,rep2_FOV4.tif
0,2,4,128,133,74,rep2_FOV4.tif
0,3,4,154,132,137,rep2_FOV4.tif
0,4,5,212,222,143,rep2_FOV4.tif
0,5,5,229,215,72,rep2_FOV4.tif
0,6,7,303,437,162,rep2_FOV4.tif
0,7,9,433,325,76,rep2_FOV4.tif
0,8,9,442,312,255,rep2_FOV4.tif
0,9,10,474,571,150,rep2_FOV4.tif
1,1,2,86,245,134,rep2_FOV4.tif
1,2,2,100,244,241,rep2_FOV4.tif
1,3,4,158,129,100,rep2_FOV4.tif
1,4,7,302,439,106,rep2_FOV4.tif
1,5,9,433,322,167,rep2_FOV4.tif
1,6,9,442,312,255,rep2_FOV4.tif
1,7,10,473,571,104,rep2_FOV4.tif
2,1,2,88,246,255,rep2_FOV4.tif
2,2,2,100,243,126,rep2_FOV4.tif
2,3,4,155,130,255,rep2_FOV4.tif
2,4,5,213,223,225,rep2_FOV4.tif
2,5,7,281,432,92,rep2_FOV4.tif
2,6,7,302,439,255,rep2_FOV4.tif
2,7,9,429,320,92,rep2_FOV4.tif
2,8,9,441,312,255,rep2_FOV4.tif
3,1,2,93,245,180,rep2_FOV4.tif
3,2,4,154,130,255,rep2_FOV4.tif
3,3,5,212,224,195,rep2_FOV4.tif
3,4,7,284,432,82,rep2_FOV4.tif
3,5,7,293,429,73,rep2_FOV4.tif
3,6,7,302,439,165,rep2_FOV4.tif
3,7,9,442,313,255,rep2_FOV4.tif
3,8,10,476,568,255,rep2_FOV4.tif
4,1,2,89,247,188,rep2_FOV4.tif
4,2,2,93,264,67,rep2_FOV4.tif
4,3,2,98,244,186,rep2_FOV4.tif
4,4,4,153,130,156,rep2_FOV4.tif
4,5,5,212,224,119,rep2_FOV4.tif
4,6,6,264,126,155,rep2_FOV4.tif
4,7,8,307,597,191,rep2_FOV4.tif
4,8,8,317,602,79,rep2_FOV4.tif
4,9,9,433,333,80,rep2_FOV4.tif
4,10,9,442,312,171,rep2_FOV4.tif
4,11,10,469,548,83,rep2_FOV4.tif
4,12,10,475,568,129,rep2_FOV4.tif
4,13,11,532,91,255,rep2_FOV4.tif
4,14,12,580,528,81,rep2_FOV4.tif
5,1,2,80,285,75,rep2_FOV4.tif
5,2,2,87,248,83,rep2_FOV4.tif
5,3,2,99,243,135,rep2_FOV4.tif
5,4,4,130,141,71,rep2_FOV4.tif
5,5,4,155,131,255,rep2_FOV4.tif
5,6,5,211,223,80,rep2_FOV4.tif
5,7,6,264,124,255,rep2_FOV4.tif
5,8,8,306,597,153,rep2_FOV4.tif
5,9,8,317,602,80,rep2_FOV4.tif
5,10,9,423,300,79,rep2_FOV4.tif
5,11,9,432,321,150,rep2_FOV4.tif
5,12,9,441,313,122,rep2_FOV4.tif
5,13,10,478,569,88,rep2_FOV4.tif
5,14,11,509,93,74,rep2_FOV4.tif
5,15,11,516,111,78,rep2_FOV4.tif
5,16,11,531,91,255,rep2_FOV4.tif
5,17,12,586,523,255,rep2_FOV4.tif
6,1,1,52,488,136,rep2_FOV4.tif
6,2,2,87,235,70,rep2_FOV4.tif
6,3,2,90,243,79,rep2_FOV4.tif
6,4,6,235,141,74,rep2_FOV4.tif
6,5,6,250,130,73,rep2_FOV4.tif
6,6,6,263,125,236,rep2_FOV4.tif
6,7,6,271,139,73,rep2_FOV4.tif
6,8,8,319,605,71,rep2_FOV4.tif
6,9,9,421,308,76,rep2_FOV4.tif
6,10,9,432,321,99,rep2_FOV4.tif
6,11,9,442,313,145,rep2_FOV4.tif
6,12,10,467,525,76,rep2_FOV4.tif
6,13,10,476,567,206,rep2_FOV4.tif
6,14,11,506,93,166,rep2_FOV4.tif
6,15,11,532,91,226,rep2_FOV4.tif
6,16,11,539,82,83,rep2_FOV4.tif
6,17,12,560,503,69,rep2_FOV4.tif
6,18,12,587,523,255,rep2_FOV4.tif
6,19,12,609,524,73,rep2_FOV4.tif
7,1,3,130,372,184,rep2_FOV4.tif
7,2,3,138,387,77,rep2_FOV4.tif
7,3,6,262,126,126,rep2_FOV4.tif
7,4,9,422,323,86,rep2_FOV4.tif
7,5,9,429,307,68,rep2_FOV4.tif
7,6,9,432,321,98,rep2_FOV4.tif
7,7,9,443,310,129,rep2_FOV4.tif
7,8,10,472,540,71,rep2_FOV4.tif
7,9,10,475,565,96,rep2_FOV4.tif
7,10,11,507,94,154,rep2_FOV4.tif
7,11,11,533,92,235,rep2_FOV4.tif
7,12,12,558,503,74,rep2_FOV4.tif
7,13,12,586,524,255,rep2_FOV4.tif
7,14,12,587,540,92,rep2_FOV4.tif
7,15,12,604,513,79,rep2_FOV4.tif
8,1,3,122,374,79,rep2_FOV4.tif
8,2,3,130,373,84,rep2_FOV4.tif
8,3,3,138,387,77,rep2_FOV4.tif
8,4,6,259,118,85,rep2_FOV4.tif
8,5,9,442,313,88,rep2_FOV4.tif
8,6,9,443,319,80,rep2_FOV4.tif
8,7,10,473,573,74,rep2_FOV4.tif
8,8,11,507,92,85,rep2_FOV4.tif
8,9,11,530,92,81,rep2_FOV4.tif
8,10,11,528,113,80,rep2_FOV4.tif
8,11,11,547,79,77,rep2_FOV4.tif
8,12,11,547,94,83,rep2_FOV4.tif
8,13,12,575,504,78,rep2_FOV4.tif
8,14,12,582,526,255,rep2_FOV4.tif
8,15,12,578,546,79,rep2_FOV4.tif
8,16,12,610,525,86,rep2_FOV4.tif
9,1,6,260,119,75,rep2_FOV4.tif
9,2,8,315,600,103,rep2_FOV4.tif
9,3,9,443,313,73,rep2_FOV4.tif
9,4,11,507,95,85,rep2_FOV4.tif
9,5,11,533,89,141,rep2_FOV4.tif
9,6,12,583,528,175,rep2_FOV4.tif
10,1,5,212,224,168,rep2_FOV4.tif
10,2,8,317,607,65,rep2_FOV4.tif
10,3,9,405,307,76,rep2_FOV4.tif
10,4,9,442,313,255,rep2_FOV4.tif
10,5,11,506,93,165,rep2_FOV4.tif
10,6,11,532,90,255,rep2_FOV4.tif
10,7,12,550,522,79,rep2_FOV4.tif
10,8,12,559,528,74,rep2_FOV4.tif
10,9,12,586,523,245,rep2_FOV4.tif
10,10,12,588,497,129,rep2_FOV4.tif
10,11,12,597,504,102,rep2_FOV4.tif
10,12,12,605,522,112,rep2_FOV4.tif
11,1,3,134,374,75,rep2_FOV4.tif
11,2,5,213,226,72,rep2_FOV4.tif
11,3,7,282,433,255,rep2_FOV4.tif
11,4,9,441,314,124,rep2_FOV4.tif
11,5,9,449,326,109,rep2_FOV4.tif
11,6,9,448,285,71,rep2_FOV4.tif
11,7,9,465,307,71,rep2_FOV4.tif
11,8,10,478,568,73,rep2_FOV4.tif
11,9,11,506,94,121,rep2_FOV4.tif
11,10,11,520,73,72,rep2_FOV4.tif
11,11,11,530,91,135,rep2_FOV4.tif
11,12,11,529,78,80,rep2_FOV4.tif
11,13,12,554,506,73,rep2_FOV4.tif
11,14,12,584,541,89,rep2_FOV4.tif
11,15,12,587,523,120,rep2_FOV4.tif
11,16,12,588,499,77,rep2_FOV4.tif
11,17,12,599,504,78,rep2_FOV4.tif
12,1,5,212,228,76,rep2_FOV4.tif
12,2,7,282,433,230,rep2_FOV4.tif
12,3,9,442,312,198,rep2_FOV4.tif
12,4,10,481,566,75,rep2_FOV4.tif
12,5,11,508,94,79,rep2_FOV4.tif
12,6,12,564,521,78,rep2_FOV4.tif
12,7,12,574,509,73,rep2_FOV4.tif
12,8,12,585,524,154,rep2_FOV4.tif
13,1,5,212,222,237,rep2_FOV4.tif
13,2,7,282,433,255,rep2_FOV4.tif
13,3,7,291,418,105,rep2_FOV4.tif
13,4,9,443,312,125,rep2_FOV4.tif
13,5,11,507,93,255,rep2_FOV4.tif
13,6,11,522,68,94,rep2_FOV4.tif
13,7,11,531,90,194,rep2_FOV4.tif
13,8,11,539,86,95,rep2_FOV4.tif
13,9,12,566,505,77,rep2_FOV4.tif
13,10,12,585,524,85,rep2_FOV4.tif
14,1,3,130,372,98,rep2_FOV4.tif
14,2,5,213,223,82,rep2_FOV4.tif
14,3,7,282,432,255,rep2_FOV4.tif
14,4,7,287,452,88,rep2_FOV4.tif
14,5,7,316,419,71,rep2_FOV4.tif
14,6,9,441,312,167,rep2_FOV4.tif
14,7,9,453,315,99,rep2_FOV4.tif
14,8,11,507,93,167,rep2_FOV4.tif
14,9,11,510,74,67,rep2_FOV4.tif
14,10,11,526,72,83,rep2_FOV4.tif
14,11,11,525,84,89,rep2_FOV4.tif
14,12,11,530,91,107,rep2_FOV4.tif
14,13,12,558,532,71,rep2_FOV4.tif
14,14,12,586,526,76,rep2_FOV4.tif
14,15,12,594,515,73,rep2_FOV4.tif
15,1,2,88,246,180,rep2_FOV4.tif
15,2,6,263,125,255,rep2_FOV4.tif
15,3,7,282,433,170,rep2_FOV4.tif
15,4,8,304,595,82,rep2_FOV4.tif
15,5,8,317,602,255,rep2_FOV4.tif
15,6,9,399,306,74,rep2_FOV4.tif
15,7,9,431,295,81,rep2_FOV4.tif
15,8,9,442,312,255,rep2_FOV4.tif
15,9,9,454,322,105,rep2_FOV4.tif
15,10,11,507,90,89,rep2_FOV4.tif
15,11,11,512,107,86,rep2_FOV4.tif
15,12,11,513,87,80,rep2_FOV4.tif
15,13,11,541,91,75,rep2_FOV4.tif
15,14,12,570,497,82,rep2_FOV4.tif
15,15,12,584,524,255,rep2_FOV4.tif
16,1,1,53,488,111,rep2_FOV4.tif
16,2,2,86,248,79,rep2_FOV4.tif
16,3,5,210,208,77,rep2_FOV4.tif
16,4,5,213,224,120,rep2_FOV4.tif
16,5,6,262,125,160,rep2_FOV4.tif
16,6,6,275,135,76,rep2_FOV4.tif
16,7,7,282,454,74,rep2_FOV4.tif
16,8,7,299,461,71,rep2_FOV4.tif
16,9,8,316,601,178,rep2_FOV4.tif
16,10,9,431,326,94,rep2_FOV4.tif
16,11,9,441,312,255,rep2_FOV4.tif
16,12,9,459,295,83,rep2_FOV4.tif
16,13,10,477,567,105,rep2_FOV4.tif
16,14,11,506,92,174,rep2_FOV4.tif
16,15,11,515,104,79,rep2_FOV4.tif
16,16,12,582,525,177,rep2_FOV4.tif
17,1,6,263,125,252,rep2_FOV4.tif
17,2,9,403,300,89,rep2_FOV4.tif
17,3,9,421,329,80,rep2_FOV4.tif
17,4,9,431,292,74,rep2_FOV4.tif
17,5,9,442,312,255,rep2_FOV4.tif
17,6,9,455,304,79,rep2_FOV4.tif
17,7,9,462,318,95,rep2_FOV4.tif
17,8,10,476,567,115,rep2_FOV4.tif
17,9,11,506,93,91,rep2_FOV4.tif
17,10,11,528,99,76,rep2_FOV4.tif
17,11,12,576,513,92,rep2_FOV4.tif
17,12,12,581,529,157,rep2_FOV4.tif
18,1,6,263,124,173,rep2_FOV4.tif
18,2,7,285,441,87,rep2_FOV4.tif
18,3,7,300,438,68,rep2_FOV4.tif
18,4,9,404,309,85,rep2_FOV4.tif
18,5,9,419,302,80,rep2_FOV4.tif
18,6,9,439,327,82,rep2_FOV4.tif
18,7,9,442,313,126,rep2_FOV4.tif
18,8,9,449,330,74,rep2_FOV4.tif
18,9,10,476,568,179,rep2_FOV4.tif
18,10,11,506,93,173,rep2_FOV4.tif
18,11,12,559,543,70,rep2_FOV4.tif
18,12,12,584,507,73,rep2_FOV4.tif
18,13,12,594,508,76,rep2_FOV4.tif
19,1,2,86,248,101,rep2_FOV4.tif
19,2,2,84,236,73,rep2_FOV4.tif
19,3,2,102,259,76,rep2_FOV4.tif
19,4,3,129,372,172,rep2_FOV4.tif
19,5,5,213,222,255,rep2_FOV4.tif
19,6,5,227,243,71,rep2_FOV4.tif
19,7,6,245,120,77,rep2_FOV4.tif
19,8,6,265,126,99,rep2_FOV4.tif
19,9,9,405,320,79,rep2_FOV4.tif
19,10,9,452,308,79,rep2_FOV4.tif
19,11,10,477,566,129,rep2_FOV4.tif
19,12,11,507,93,75,rep2_FOV4.tif
19,13,12,577,502,70,rep2_FOV4.tif
19,14,12,584,523,94,rep2_FOV4.tif
20,1,1,56,480,255,rep2_FOV4.tif
20,2,2,88,245,80,rep2_FOV4.tif
20,3,3,129,372,118,rep2_FOV4.tif
20,4,5,212,222,228,rep2_FOV4.tif
20,5,9,429,320,120,rep2_FOV4.tif
20,6,9,441,312,255,rep2_FOV4.tif
20,7,9,439,295,81,rep2_FOV4.tif
20,8,11,507,92,255,rep2_FOV4.tif
20,9,11,532,91,255,rep2_FOV4.tif
0,1,1,73,221,209,rep2_FOV5.tif
0,2,2,116,371,134,rep2_FOV5.tif
0,3,3,142,606,115,rep2_FOV5.tif
0,4,6,357,88,76,rep2_FOV5.tif
0,5,8,425,417,76,rep2_FOV5.tif
0,6,8,439,429,204,rep2_FOV5.tif
0,7,9,585,461,162,rep2_FOV5.tif
1,1,1,66,198,71,rep2_FOV5.tif
1,2,1,71,222,110,rep2_FOV5.tif
1,3,1,86,215,75,rep2_FOV5.tif
1,4,2,116,373,92,rep2_FOV5.tif
1,5,2,137,366,77,rep2_FOV5.tif
1,6,3,141,606,255,rep2_FOV5.tif
1,7,6,357,89,74,rep2_FOV5.tif
1,8,8,438,427,96,rep2_FOV5.tif
1,9,9,584,460,175,rep2_FOV5.tif
2,1,1,70,224,122,rep2_FOV5.tif
2,2,3,142,606,122,rep2_FOV5.tif
2,3,4,229,163,149,rep2_FOV5.tif
2,4,5,265,501,173,rep2_FOV5.tif
2,5,6,357,88,80,rep2_FOV5.tif
2,6,6,368,87,95,rep2_FOV5.tif
2,7,8,437,428,74,rep2_FOV5.tif
2,8,9,584,460,123,rep2_FOV5.tif
3,1,1,72,221,255,rep2_FOV5.tif
3,2,2,117,370,173,rep2_FOV5.tif
3,3,3,143,606,226,rep2_FOV5.tif
3,4,4,226,163,72,rep2_FOV5.tif
3,5,5,247,503,255,rep2_FOV5.tif
3,6,5,263,500,120,rep2_FOV5.tif
3,7,7,427,543,146,rep2_FOV5.tif
3,8,8,438,428,255,rep2_FOV5.tif
4,1,1,73,221,97,rep2_FOV5.tif
4,2,1,109,233,75,rep2_FOV5.tif
4,3,2,119,372,107,rep2_FOV5.tif
4,4,3,143,607,79,rep2_FOV5.tif
4,5,4,230,160,97,rep2_FOV5.tif
4,6,5,247,502,141,rep2_FOV5.tif
4,7,5,255,507,85,rep2_FOV5.tif
4,8,5,264,500,73,rep2_FOV5.tif
4,9,5,276,483,76,rep2_FOV5.tif
4,10,6,367,88,175,rep2_FOV5.tif
4,11,7,426,544,73,rep2_FOV5.tif
4,12,8,437,428,158,rep2_FOV5.tif
4,13,8,435,404,66,rep2_FOV5.tif
4,14,8,452,426,255,rep2_FOV5.tif
5,1,1,74,220,137,rep2_FOV5.tif
5,2,1,86,185,75,rep2_FOV5.tif
5,3,4,205,160,86,rep2_FOV5.tif
5,4,4,229,164,255,rep2_FOV5.tif
5,5,5,247,502,103,rep2_FOV5.tif
5,6,5,250,523,74,rep2_FOV5.tif
5,7,5,263,503,120,rep2_FOV5.tif
5,8,8,437,428,146,rep2_FOV5.tif
5,9,8,453,426,196,rep2_FOV5.tif
6,1,1,62,208,75,rep2_FOV5.tif
6,2,1,71,222,255,rep2_FOV5.tif
6,3,2,118,370,125,rep2_FOV5.tif
6,4,4,195,156,72,rep2_FOV5.tif
6,5,4,202,174,75,rep2_FOV5.tif
6,6,4,229,163,239,rep2_FOV5.tif
6,7,4,231,145,73,rep2_FOV5.tif
6,8,5,243,485,81,rep2_FOV5.tif
6,9,5,253,493,76,rep2_FOV5.tif
6,10,6,367,87,255,rep2_FOV5.tif
6,11,6,383,86,87,rep2_FOV5.tif
6,12,8,438,428,110,rep2_FOV5.tif
6,13,8,452,426,93,rep2_FOV5.tif
6,14,8,464,448,67,rep2_FOV5.tif
7,1,4,195,132,87,rep2_FOV5.tif
7,2,4,228,163,137,rep2_FOV5.tif
7,3,6,366,89,219,rep2_FOV5.tif
7,4,6,376,80,89,rep2_FOV5.tif
7,5,8,462,439,77,rep2_FOV5.tif
7,6,8,466,445,71,rep2_FOV5.tif
7,7,9,584,460,161,rep2_FOV5.tif
7,8,9,606,448,80,rep2_FOV5.tif
8,1,2,97,360,77,rep2_FOV5.tif
8,2,2,118,372,186,rep2_FOV5.tif
8,3,4,216,149,255,rep2_FOV5.tif
8,4,4,220,170,101,rep2_FOV5.tif
8,5,6,353,102,82,rep2_FOV5.tif
8,6,6,357,68,76,rep2_FOV5.tif
8,7,6,366,88,137,rep2_FOV5.tif
8,8,8,441,425,100,rep2_FOV5.tif
8,9,9,579,427,75,rep2_FOV5.tif
9,1,2,117,356,76,rep2_FOV5.tif
9,2,2,130,400,80,rep2_FOV5.tif
9,3,4,207,158,90,rep2_FOV5.tif
9,4,4,215,148,241,rep2_FOV5.tif
9,5,4,221,171,89,rep2_FOV5.tif
9,6,4,228,160,86,rep2_FOV5.tif
9,7,4,229,131,77,rep2_FOV5.tif
9,8,4,233,154,78,rep2_FOV5.tif
9,9,6,332,103,70,rep2_FOV5.tif
9,10,6,352,105,78,rep2_FOV5.tif
9,11,6,358,89,182,rep2_FOV5.tif
9,12,7,427,542,251,rep2_FOV5.tif
10,1,2,105,367,68,rep2_FOV5.tif
10,2,4,186,138,73,rep2_FOV5.tif
10,3,4,204,135,74,rep2_FOV5.tif
10,4,4,215,149,87,rep2_FOV5.tif
10,5,4,223,162,86,rep2_FOV5.tif
10,6,6,360,87,83,rep2_FOV5.tif
10,7,6,365,114,77,rep2_FOV5.tif
10,8,7,409,551,74,rep2_FOV5.tif
10,9,7,427,542,118,rep2_FOV5.tif
11,1,3,142,608,77,rep2_FOV5.tif
11,2,4,229,159,86,rep2_FOV5.tif
11,3,6,360,87,105,rep2_FOV5.tif
12,1,6,329,79,73,rep2_FOV5.tif
12,2,6,359,85,91,rep2_FOV5.tif
13,1,4,229,165,118,rep2_FOV5.tif
14,1,3,144,604,76,rep2_FOV5.tif
14,2,4,225,170,73,rep2_FOV5.tif
14,3,6,362,69,70,rep2_FOV5.tif
14,4,9,590,457,95,rep2_FOV5.tif
15,1,4,218,151,74,rep2_FOV5.tif
15,2,4,229,165,250,rep2_FOV5.tif
15,3,5,264,503,80,rep2_FOV5.tif
15,4,6,365,87,246,rep2_FOV5.tif
15,5,9,590,455,198,rep2_FOV5.tif
16,1,3,145,607,148,rep2_FOV5.tif
16,2,4,195,133,72,rep2_FOV5.tif
16,3,4,231,163,79,rep2_FOV5.tif
16,4,6,357,89,76,rep2_FOV5.tif
16,5,6,368,85,133,rep2_FOV5.tif
16,6,6,382,98,73,rep2_FOV5.tif
16,7,9,590,455,212,rep2_FOV5.tif
16,8,9,597,467,78,rep2_FOV5.tif
17,1,3,145,606,101,rep2_FOV5.tif
17,2,6,359,87,255,rep2_FOV5.tif
17,3,6,367,71,86,rep2_FOV5.tif
17,4,9,577,425,79,rep2_FOV5.tif
17,5,9,591,455,119,rep2_FOV5.tif
18,1,2,117,368,79,rep2_FOV5.tif
18,2,5,264,502,226,rep2_FOV5.tif
18,3,6,345,110,71,rep2_FOV5.tif
18,4,6,363,87,185,rep2_FOV5.tif
18,5,6,372,103,79,rep2_FOV5.tif
18,6,9,591,455,79,rep2_FOV5.tif
19,1,2,117,367,80,rep2_FOV5.tif
19,2,4,207,168,71,rep2_FOV5.tif
19,3,4,228,163,245,rep2_FOV5.tif
19,4,5,264,502,188,rep2_FOV5.tif
19,5,5,265,521,72,rep2_FOV5.tif
19,6,5,293,502,70,rep2_FOV5.tif
19,7,5,295,483,76,rep2_FOV5.tif
19,8,6,347,91,74,rep2_FOV5.tif
19,9,6,348,109,72,rep2_FOV5.tif
19,10,6,367,86,121,rep2_FOV5.tif
19,11,6,361,110,78,rep2_FOV5.tif
20,1,2,108,399,76,rep2_FOV5.tif
20,2,2,118,373,147,rep2_FOV5.tif
20,3,4,214,148,255,rep2_FOV5.tif
20,4,4,229,164,255,rep2_FOV5.tif
20,5,5,253,509,72,rep2_FOV5.tif
20,6,5,266,503,131,rep2_FOV5.tif
20,7,6,327,83,76,rep2_FOV5.tif
20,8,6,333,102,68,rep2_FOV5.tif
20,9,6,366,87,76,rep2_FOV5.tif
0,1,1,27,125,174,rep2_FOV6.tif
0,2,4,142,308,255,rep2_FOV6.tif
0,3,4,157,309,146,rep2_FOV6.tif
0,4,7,362,412,134,rep2_FOV6.tif
0,5,8,365,57,176,rep2_FOV6.tif
0,6,9,470,595,255,rep2_FOV6.tif
1,1,1,28,124,113,rep2_FOV6.tif
1,2,4,142,309,255,rep2_FOV6.tif
1,3,4,156,309,103,rep2_FOV6.tif
1,4,5,247,136,106,rep2_FOV6.tif
1,5,7,361,412,79,rep2_FOV6.tif
1,6,8,364,57,84,rep2_FOV6.tif
1,7,9,470,596,131,rep2_FOV6.tif
2,1,1,28,122,182,rep2_FOV6.tif
2,2,1,47,118,255,rep2_FOV6.tif
2,3,4,142,309,140,rep2_FOV6.tif
2,4,4,157,309,78,rep2_FOV6.tif
2,5,5,247,136,182,rep2_FOV6.tif
2,6,6,297,596,255,rep2_FOV6.tif
2,7,8,368,55,72,rep2_FOV6.tif
2,8,9,471,609,72,rep2_FOV6.tif
3,1,1,27,122,113,rep2_FOV6.tif
3,2,1,47,117,188,rep2_FOV6.tif
3,3,4,144,310,135,rep2_FOV6.tif
3,4,4,157,308,73,rep2_FOV6.tif
3,5,5,245,135,87,rep2_FOV6.tif
3,6,6,296,595,184,rep2_FOV6.tif
3,7,8,382,66,255,rep2_FOV6.tif
4,1,1,46,118,164,rep2_FOV6.tif
4,2,1,56,107,79,rep2_FOV6.tif
4,3,1,57,130,71,rep2_FOV6.tif
4,4,4,141,308,255,rep2_FOV6.tif
4,5,4,158,310,81,rep2_FOV6.tif
4,6,5,246,135,182,rep2_FOV6.tif
4,7,6,289,594,70,rep2_FOV6.tif
4,8,6,298,596,79,rep2_FOV6.tif
4,9,8,371,43,79,rep2_FOV6.tif
4,10,8,382,66,255,rep2_FOV6.tif
4,11,11,535,413,129,rep2_FOV6.tif
5,1,1,45,119,93,rep2_FOV6.tif
5,2,4,142,308,177,rep2_FOV6.tif
5,3,4,161,310,74,rep2_FOV6.tif
5,4,5,246,134,123,rep2_FOV6.tif
5,5,5,278,134,72,rep2_FOV6.tif
5,6,6,289,589,118,rep2_FOV6.tif
5,7,11,536,413,183,rep2_FOV6.tif
6,1,1,41,97,69,rep2_FOV6.tif
6,2,2,122,182,86,rep2_FOV6.tif
6,3,4,140,309,80,rep2_FOV6.tif
6,4,4,150,295,75,rep2_FOV6.tif
6,5,7,346,408,74,rep2_FOV6.tif
6,6,11,536,412,255,rep2_FOV6.tif
7,1,3,98,524,186,rep2_FOV6.tif
7,2,4,182,337,78,rep2_FOV6.tif
7,3,4,187,313,79,rep2_FOV6.tif
7,4,7,361,412,153,rep2_FOV6.tif
7,5,11,522,422,68,rep2_FOV6.tif
7,6,11,528,387,70,rep2_FOV6.tif
7,7,11,536,412,167,rep2_FOV6.tif
7,8,11,544,402,87,rep2_FOV6.tif
8,1,1,48,118,255,rep2_FOV6.tif
8,2,3,99,524,255,rep2_FOV6.tif
8,3,3,117,506,66,rep2_FOV6.tif
8,4,4,158,309,195,rep2_FOV6.tif
8,5,7,336,420,80,rep2_FOV6.tif
8,6,9,467,596,84,rep2_FOV6.tif
8,7,10,468,119,92,rep2_FOV6.tif
8,8,11,536,411,255,rep2_FOV6.tif
8,9,12,591,89,221,rep2_FOV6.tif
9,1,1,28,123,183,rep2_FOV6.tif
9,2,1,49,118,191,rep2_FOV6.tif
9,3,1,71,114,74,rep2_FOV6.tif
9,4,3,100,525,196,rep2_FOV6.tif
9,5,3,110,507,79,rep2_FOV6.tif
9,6,3,129,527,71,rep2_FOV6.tif
9,7,4,157,309,255,rep2_FOV6.tif
9,8,9,467,596,91,rep2_FOV6.tif
9,9,11,515,409,78,rep2_FOV6.tif
9,10,11,536,409,180,rep2_FOV6.tif
9,11,12,590,89,92,rep2_FOV6.tif
9,12,12,596,67,80,rep2_FOV6.tif
10,1,1,27,123,94,rep2_FOV6.tif
10,2,1,47,119,110,rep2_FOV6.tif
10,3,1,65,121,80,rep2_FOV6.tif
10,4,3,100,525,122,rep2_FOV6.tif
10,5,3,108,515,77,rep2_FOV6.tif
10,6,3,109,540,73,rep2_FOV6.tif
10,7,4,141,309,255,rep2_FOV6.tif
10,8,4,157,309,176,rep2_FOV6.tif
10,9,4,182,292,75,rep2_FOV6.tif
10,10,7,363,413,76,rep2_FOV6.tif
10,11,11,518,417,112,rep2_FOV6.tif
10,12,11,535,412,255,rep2_FOV6.tif
10,13,12,590,89,94,rep2_FOV6.tif
11,1,1,47,119,85,rep2_FOV6.tif
11,2,1,61,115,73,rep2_FOV6.tif
11,3,3,98,525,75,rep2_FOV6.tif
11,4,4,141,308,176,rep2_FOV6.tif
11,5,4,143,327,84,rep2_FOV6.tif
11,6,7,363,412,74,rep2_FOV6.tif
11,7,10,469,123,82,rep2_FOV6.tif
11,8,11,537,412,212,rep2_FOV6.tif
11,9,11,535,396,76,rep2_FOV6.tif
11,10,11,545,437,76,rep2_FOV6.tif
11,11,11,569,402,82,rep2_FOV6.tif
12,1,1,27,123,112,rep2_FOV6.tif
12,2,1,48,117,142,rep2_FOV6.tif
12,3,1,77,105,69,rep2_FOV6.tif
12,4,3,102,525,255,rep2_FOV6.tif
12,5,7,382,399,255,rep2_FOV6.tif
12,6,11,517,394,73,rep2_FOV6.tif
12,7,11,521,421,78,rep2_FOV6.tif
12,8,11,537,411,255,rep2_FOV6.tif
12,9,11,534,432,91,rep2_FOV6.tif
12,10,11,547,431,80,rep2_FOV6.tif
12,11,11,567,415,75,rep2_FOV6.tif
13,1,1,27,124,140,rep2_FOV6.tif
13,2,1,46,118,198,rep2_FOV6.tif
13,3,2,122,172,255,rep2_FOV6.tif
13,4,3,102,526,255,rep2_FOV6.tif
13,5,3,127,518,95,rep2_FOV6.tif
13,6,7,374,434,75,rep2_FOV6.tif
13,7,7,380,400,141,rep2_FOV6.tif
13,8,9,494,597,224,rep2_FOV6.tif
13,9,10,473,104,81,rep2_FOV6.tif
13,10,11,526,415,111,rep2_FOV6.tif
13,11,11,536,411,143,rep2_FOV6.tif
13,12,11,539,435,115,rep2_FOV6.tif
13,13,11,555,417,84,rep2_FOV6.tif
13,14,11,569,400,76,rep2_FOV6.tif
14,1,1,47,116,105,rep2_FOV6.tif
14,2,1,78,119,79,rep2_FOV6.tif
14,3,2,122,173,255,rep2_FOV6.tif
14,4,2,124,183,104,rep2_FOV6.tif
14,5,2,142,186,85,rep2_FOV6.tif
14,6,3,99,526,158,rep2_FOV6.tif
14,7,3,105,514,97,rep2_FOV6.tif
14,8,9,469,596,122,rep2_FOV6.tif
14,9,9,494,597,204,rep2_FOV6.tif
14,10,11,515,399,70,rep2_FOV6.tif
14,11,11,536,412,255,rep2_FOV6.tif
14,12,11,551,438,68,rep2_FOV6.tif
14,13,11,559,412,75,rep2_FOV6.tif
14,14,11,566,425,78,rep2_FOV6.tif
15,1,1,29,124,128,rep2_FOV6.tif
15,2,1,46,124,79,rep2_FOV6.tif
15,3,2,112,180,83,rep2_FOV6.tif
15,4,2,122,171,193,rep2_FOV6.tif
15,5,2,123,181,112,rep2_FOV6.tif
15,6,3,100,524,96,rep2_FOV6.tif
15,7,7,364,411,75,rep2_FOV6.tif
15,8,9,448,601,69,rep2_FOV6.tif
15,9,9,454,584,82,rep2_FOV6.tif
15,10,9,469,595,216,rep2_FOV6.tif
15,11,9,494,599,91,rep2_FOV6.tif
15,12,11,535,413,255,rep2_FOV6.tif
15,13,11,558,417,76,rep2_FOV6.tif
16,1,1,30,122,95,rep2_FOV6.tif
16,2,2,122,175,95,rep2_FOV6.tif
16,3,2,138,178,75,rep2_FOV6.tif
16,4,7,380,400,98,rep2_FOV6.tif
16,5,9,445,600,69,rep2_FOV6.tif
16,6,9,452,613,78,rep2_FOV6.tif
16,7,9,456,584,71,rep2_FOV6.tif
16,8,9,468,596,79,rep2_FOV6.tif
16,9,9,473,606,77,rep2_FOV6.tif
16,10,9,482,590,70,rep2_FOV6.tif
16,11,9,495,598,101,rep2_FOV6.tif
16,12,11,535,412,235,rep2_FOV6.tif
16,13,11,552,408,94,rep2_FOV6.tif
16,14,11,551,388,78,rep2_FOV6.tif
17,1,1,31,123,106,rep2_FOV6.tif
17,2,2,121,172,73,rep2_FOV6.tif
17,3,7,337,422,72,rep2_FOV6.tif
17,4,7,361,412,200,rep2_FOV6.tif
17,5,7,381,399,255,rep2_FOV6.tif
17,6,9,460,585,73,rep2_FOV6.tif
17,7,9,469,597,73,rep2_FOV6.tif
17,8,11,526,428,72,rep2_FOV6.tif
17,9,11,573,419,72,rep2_FOV6.tif
18,1,2,141,184,88,rep2_FOV6.tif
18,2,7,350,415,75,rep2_FOV6.tif
18,3,7,361,413,100,rep2_FOV6.tif
18,4,7,381,400,228,rep2_FOV6.tif
19,1,1,28,122,151,rep2_FOV6.tif
19,2,2,124,174,142,rep2_FOV6.tif
19,3,7,343,423,78,rep2_FOV6.tif
19,4,7,369,411,96,rep2_FOV6.tif
19,5,7,382,400,162,rep2_FOV6.tif
19,6,10,468,120,159,rep2_FOV6.tif
19,7,12,588,78,172,rep2_FOV6.tif
20,1,1,27,123,255,rep2_FOV6.tif
20,2,2,122,173,90,rep2_FOV6.tif
20,3,9,470,606,71,rep2_FOV6.tif
20,4,9,495,597,188,rep2_FOV6.tif
20,5,10,467,120,255,rep2_FOV6.tif
20,6,11,536,400,76,rep2_FOV6.tif
20,7,12,582,82,74,rep2_FOV6.tif
